date,pred_wedge_Pi_2,pred_wedge_Pi_3,pred_wedge_Pi_4,meas_wedge_Pi_2,meas_wedge_Pi_3,meas_wedge_Pi_4
2020-01-16,0.0019034209997832868,-0.007366817037625971,0.0016577070891035843,0.005729186981685945,0.0029536195451171964,0.0035167603929339734
2020-01-17,0.0018776898418521523,-0.006662161860176954,0.0014069559489253338,0.005734602415408296,0.0023636966937782265,0.0035550928601877727
2020-01-21,0.0022223431553702495,-0.005040728961590159,0.0016080170942371083,0.005017299328398159,0.0025826764554350732,0.0034918294197610117
2020-01-23,0.0007621774997956937,-0.004862713812326534,0.0005500285114322335,0.0029572884266736467,0.002759257845074686,0.0028198320539635216
2020-01-24,0.0011742896390739312,-0.004589898791484576,0.0008181703296614475,0.00305176691631168,0.002272816745537571,0.0022119952084386106
2020-01-29,0.0009477464860979945,-0.006234038435876922,0.0005982502179798736,0.0032847664270041765,0.0026400145463648674,0.00269420886625224
2020-01-30,0.0012247255429005677,-0.007841317409453246,0.0008735118782804783,-0.0005138087455739543,0.0016911016031519012,0.0013149854180722776
2020-01-31,0.001083886994775459,-0.006288737677865984,0.0007119932337992909,0.0005767716240714059,0.001020240901716967,0.0004900485305835839
2020-02-03,0.0010859192963111747,-0.0038337204818402987,0.0006127893485538332,0.006500325969136592,0.003225895432552362,0.0038666205003550745
2020-02-04,0.0006010816572445607,-0.0033011159447425033,0.0002933825674520836,0.00731129426286899,0.0032846116256576427,0.004731856206164753
2020-02-05,0.0015226694471939493,-0.004727099948495251,0.0008980124482919939,0.005804785234445574,0.00151279001006193,0.003638557526964438
2020-02-06,0.001479473889088534,-0.005396927146675965,0.0008240363580467305,0.0077809780051568515,0.002121616222700213,0.004921182332592208
2020-02-07,0.0015348583574115934,-0.006106849652351825,0.0009173481175972584,0.009147889309737572,0.003557222599089925,0.006732122672398812
2020-02-10,0.0005660910793657999,-0.008025724039857867,4.846295900795897e-05,0.005410208864735273,0.00048812532170026046,0.0021432056594158765
2020-02-11,0.0026529216984870797,-0.006593308579879194,0.0022870431356181147,0.005459811559175697,0.0022694981345854808,0.004306859376031577
2020-02-12,0.0025464266117852866,-0.00736200164529084,0.0021914016849193686,0.005294125878483796,0.0026819367550251602,0.0044256328824001535
2020-02-13,0.002175316860139699,-0.0064286879196513635,0.001796283306278579,0.007386734734894887,0.0029858826424912347,0.0054321474455536825
2020-02-14,0.002579699786227286,-0.006220664601750264,0.002192128121201257,0.005592024928209722,0.002245592119457109,0.003970475798257695
2020-02-18,0.0033289896658349506,-0.007130768958286907,0.00289388344206368,0.00583471352424798,0.002416762056477772,0.004050415262234877
2020-02-20,-6.579329119779653e-06,-0.011664798005869892,-0.00017245302575412576,-0.0007864053801863585,-0.002108533166423744,-0.0034779141005662952
2020-02-26,0.0029291082793919884,-0.010688137654598653,0.002576948126719915,-0.0011545736178685609,0.0002786635474328371,-0.0011874821004479747
2020-02-27,0.002446401918192405,-0.012721300805408647,0.002322970112377724,-0.0055293297796523005,-0.0029869995295799248,-0.00412747401110658
2020-03-02,0.0010856945942886442,-0.006625186504953519,0.0007552497151954813,0.0039020070004933648,-0.0002730233203142563,0.002736604792687167
2020-03-06,0.0015313057148085424,-0.006782425298268856,0.0011103753941805504,0.002995555327833327,-0.00019020209406018845,0.001006767896897175
2020-03-09,-0.005930480863331006,-0.015511560875318523,-0.0067257526945832015,-0.0012271399781800876,-0.004220027703624401,-0.0036853329888088086
2020-03-10,-0.0027818589868934818,-0.012052682129406578,-0.003471818973861524,0.0035256241403135782,-0.0017835222274423584,-0.00011097136361805024
2020-03-11,-0.004869033423130144,-0.01617505889403674,-0.005706170402390836,0.00017719062565418886,-0.005851056084931682,-0.005647795984770382
2020-03-16,-0.011556233389258985,-0.11838484248423187,-0.019695101475605353,0.003636393783850722,0.008523594212869828,0.02055799100461178
2020-03-17,-0.007428747953415721,-0.08982479661303226,-0.011245583484510324,0.020945272681332755,0.017653643751407648,0.027980262309219142
2020-03-19,-0.006818988298047099,-0.06751404544279561,-0.010375000016251162,0.00133224625517607,-0.002051873852204386,-0.003143357234216146
2020-03-25,-0.009286039426405601,-0.06792000984033075,-0.013433767671553132,0.004761806153368714,0.0009105016550628314,0.003387885094368631
2020-03-26,-0.013807766833045396,-0.059845560041452917,-0.01916081090974313,0.0004137973033723208,-0.0005341192765562844,0.0007247850608254891
2020-03-30,-0.01385758236344517,-0.03785019051639362,-0.01710141343866598,0.005056645858435557,0.0009065834434390102,0.006916322768628531
2020-04-01,-0.009713372711068688,-0.03367227287408071,-0.011706485720989923,0.008816179658233239,6.143639622703534e-05,0.004792640613266626
2020-04-02,-0.007273949615308514,-0.03831705159692336,-0.00899718147614132,0.005108701201755411,0.003910922938611068,0.005720483292620371
2020-04-06,-0.006765708129515935,-0.03404589742168468,-0.008506803677739011,0.006813450595935314,0.0021589858052183664,0.004783429837449019
2020-04-13,-0.009779915110374342,-0.03395093686166688,-0.012799334480821219,0.010917821639233688,0.0036607922874513955,0.005460627742030703
2020-04-16,-0.008617214847405817,-0.028362342131563172,-0.010938326813646718,0.002704956584082957,0.0008045798498850822,-0.0019271661269099072
2020-04-29,-0.0012072562990663865,-0.034380049332913915,-0.0010590991738261557,-0.008024695081039077,-0.004557239873125164,-0.009670437653093104
2020-05-01,-0.0019934412581072702,-0.029857128260492027,-0.002057380998473253,-0.002518713742812012,0.00018508921645519344,-0.0011084243005707872
2020-05-04,-0.004532931542922225,-0.027944773050122825,-0.004973509511317177,0.0035957536981314903,0.0008741510488214019,0.0029926057670245365
2020-05-05,-0.0021209428882893733,-0.025806676590353603,-0.002082036307991284,0.005538628607984132,0.004178781288548849,0.0058764843885294495
2020-05-07,-0.0005796979410191277,-0.03409854398867283,-5.9718761267445186e-05,0.003272678560865272,0.0015201925278282846,-0.00015024982505443957
2020-05-18,-0.004701238767061772,-0.03666120522099856,-0.0057488295263910805,0.013511071979767142,0.005615501760662132,0.009702254928142681
2020-05-19,-0.0037240137814771174,-0.03485733593157843,-0.004640848444692695,0.006896174680759717,0.003382018044293191,0.004812324803319952
2020-05-22,-0.004570326887057823,-0.030667880293646716,-0.005355170509304348,0.006856679041988473,0.0020086651900793825,0.0011169383649085249
2020-05-27,-0.00014088642475777735,-0.027393033405644293,0.0002919755399403423,0.002061294043527735,0.0003007345625435382,-0.0005433884867288782
2020-05-28,0.0008962134450289649,-0.022704032362110948,0.0013396116259858162,-0.006194469812432109,-0.0015811388646072028,-0.003167926103375504
2020-05-29,0.0005808573855400137,-0.01909488093503177,0.0010634931377099983,0.0006517442269767387,-2.752303083817728e-05,-0.0006263817673276516
2020-06-02,-6.171898408981885e-05,-0.023670574665062172,0.00018114184525165958,0.004548318008613918,0.003060553692933888,0.0024629510797637387
2020-06-03,-7.117969797713897e-05,-0.017988365165294264,0.00011924307101619097,0.008222172372816909,0.002445102759424238,0.0037609445096224645
2020-06-04,0.001121429199938087,-0.017902172220746602,0.001472388828233761,0.007602296064030907,0.0027537367086383057,0.0036110909547056765
2020-06-08,-0.0007186268213201022,-0.016975252319890156,-0.0006411838108739479,0.006578506567106762,0.0014494371235674076,0.0033077913051763226
2020-06-09,-0.00027506424645036553,-0.016620402341682237,-9.200350594249299e-05,0.006815037684658055,0.0018143081470700095,0.004041107741704211
2020-06-11,-0.0022258324711544944,-0.0192208527892924,-0.002208249974070226,0.0064370069502532115,0.003055291714946831,0.002700397460211116
2020-06-12,-0.0012996324941632123,-0.01678838701606759,-0.0014048374197977616,0.005504782402426044,0.0020014201431926854,0.0018486717857844788
2020-06-15,-0.003649595174931103,-0.01666233403372232,-0.004003296261133132,0.006363088408003537,0.0008793172000214414,0.004008621562508672
2020-06-18,-0.002928152426917692,-0.017055995452776935,-0.0032471217372762803,0.004131663375072196,0.002263383058313728,0.0015065117429237558
2020-06-19,-0.0025886544936694345,-0.01703868132641268,-0.0027496367753392197,0.0034353734602076066,0.0015311623455535762,0.000628297658662267
2020-07-01,-0.0003347871237706808,-0.008681993841301479,-0.0003755561747398866,0.0019430839209966522,0.0017462143251142734,0.001741784890787938
2020-07-02,-0.0007044417824127111,-0.00828619955784186,-0.0007049235726115932,-0.0007742256251598162,0.0006118357006447946,-0.0002399085457196453
2020-07-06,0.0006031852817813543,-0.005247016160521235,0.00036714922941647864,0.005457648210994936,0.0016032205605408818,0.004363078371049752
2020-07-07,-0.0012593077152275485,-0.004444218663977354,-0.0010769169116071585,0.008467474584518703,0.0005216103841076732,0.0063230729732974755
2020-07-08,0.0011084292121899923,-0.009440525219994542,0.0010520715145911474,0.005680144734752066,0.0005871551788062335,0.0034777975589357062
2020-07-09,0.0009837820053494838,-0.00965364363336333,0.000884059998382947,0.004526905370779065,0.0005640047368047916,0.0024988654869581
2020-07-10,0.0011005038952201056,-0.009265188685773036,0.0010595119250048756,0.005006364788471034,0.0008566287014069489,0.0018644690095458924
2020-07-13,0.00013413111693682742,-0.010494755366858143,0.00012585332302829204,0.004323374328867782,0.001211586201802622,0.00186918879811376
2020-07-14,-0.0005526060087770769,-0.010509324026198384,-0.0005772188724149641,0.0036707378732257732,0.001027545278558719,0.000800826450773489
2020-07-15,-0.0011687495546079292,-0.010588746655836239,-0.0010999649383723938,0.005121938739540387,0.0017178559386309376,0.00201653226335507
2020-07-16,-0.002445156441602158,-0.010438737499933798,-0.0024913632543839322,0.004595751712110116,0.0010173049486861038,0.0014973808870357534
2020-07-17,-0.0022318762178701115,-0.009764310753422902,-0.0023937426790228596,0.0037623175188890544,0.0009801806529069913,0.000932896409302315
2020-07-20,-0.003264374902447874,-0.007460877200035379,-0.0030579695069997206,0.004433715106752431,0.0011049403237823711,0.002145917656527614
2020-07-21,-0.001724188578293883,-0.010058730315654558,-0.001872757604205284,0.0030069745139081026,0.0010751909678485948,0.00017434155230452476
2020-07-24,-0.0013014221910038135,-0.008852201283801013,-0.0014354923151153765,0.0022264046168927847,0.001309797562709692,0.0006446842857327894
2020-07-30,0.002282464367065744,-0.017455670199124793,0.002891970213137092,-0.002534220073448043,0.001074742734085584,-0.0012585099083477283
2020-08-03,-0.0006705970270655878,-0.01393831455690674,-0.0007015900492625213,0.0052908156982100565,0.002471747260047539,0.002863996089512282
2020-08-05,-0.00011550074997623838,-0.013198695958524938,-0.00010681387745496533,0.005166963419137277,0.0011671440074917452,0.0033822022777028303
2020-08-06,0.0016035085721621822,-0.010103806752989131,0.001503393492932185,0.01071486707401105,0.006693579664461105,0.01003730268971148
2020-08-10,-0.001529011067827199,-0.013690635234102041,-0.0014963867956792783,0.005783569944580222,0.002442146784895379,0.003521036960369598
2020-08-13,-0.004337058362649221,-0.014911464674184513,-0.004475246226038534,0.003898271910846768,-0.00011776096725544909,0.0011995219835297145
2020-08-17,0.0009450456065171406,-0.014435939515853084,0.0007265174659826373,0.010431110637119496,0.007056802432411495,0.00869399042383195
2020-08-18,0.0006301376885424828,-0.013637903561079828,0.0005186746330352095,0.012755828653461143,0.00957863118975568,0.011461479083186534
2020-08-20,-0.0009807576260737402,-0.010512975972842564,-0.0011225364660606904,0.008646760413633006,0.005245469073763446,0.008687894024069389
2020-09-01,-0.0014671959857232644,-0.0062248800102251926,-0.001357568387404238,0.0086951301867359,0.002122547452150494,0.006551182198042721
2020-09-03,-0.0037739828953793977,-0.013934638822913036,-0.003678223879883955,0.009601713631932858,0.005986566595716943,0.005744231971266937
2020-09-04,-0.004460133174712402,-0.01349390341159986,-0.0043839886046313625,0.004770918950449531,0.00035531790216889944,0.0019777250512223975
2020-09-09,-0.004616673065569461,-0.017329402388143386,-0.004473731399340913,0.008486232657455142,0.0031915057613715377,0.0048002799112397375
2020-09-14,-0.0006733769599584147,-0.015134725777993468,-0.000530895108298908,-0.0029184278003101527,-0.001161650013360183,-0.0037856919306644837
2020-09-15,-0.0010230293605086663,-0.01599291895625589,-0.0007015603240010868,-0.0015653762610905522,-0.000514156337024136,-0.002733578590076245
2020-09-16,0.0002615506881385385,-0.01598135539399654,0.0005586297077646504,-0.0006411895953893423,-0.0003635119046343522,-0.0015066822743406913
2020-09-18,0.0007299622016929755,-0.013236266921469265,0.0007973227229897267,-0.003971616666421658,-0.00044883640292084186,-0.002377345800847053
2020-10-01,-0.0017556611041518316,-0.014068780178381025,-0.0015858873714334008,-0.005687878742885295,-0.0008995753757137688,-0.0044271543030609175
2020-10-02,-0.0033820584287690587,-0.013131614273851523,-0.0032781126543040585,-0.002525307427199315,-0.001346658515473817,-0.002612250811631857
2020-10-05,-0.0021287947927074516,-0.010310504240400666,-0.002010759597538374,0.002984966584534343,-0.00029868522122367906,0.0003582586887356867
2020-10-06,-0.0016885442875543902,-0.004907401659479712,-0.001490680969128382,0.009886113766711835,0.004224677793224009,0.00737258344688217
2020-10-08,-0.0020683715322578552,-0.008847834543672528,-0.0019030286085382053,0.0068715847738736145,0.001605074471719428,0.0031658495548318004
2020-10-09,-0.0010391161277146753,-0.007509505848851026,-0.0008625885522078438,0.00524160827079866,0.0017687661458223574,0.003235747759881556
2020-10-12,0.0002348338274030734,-0.007846176583037785,0.000276916016063963,0.0070306359448337845,0.0036938084849922506,0.0035392205868233287
2020-10-14,-8.136094947589975e-05,-0.00836700590708278,0.000164320801845046,0.005257680265426109,0.002303202875402457,0.0023317326804855824
2020-10-15,-0.0007030075980892225,-0.008565689683575416,-0.0004370528462603381,0.0003022255615431277,-0.0003125828069651636,-0.0012261646993945077
2020-10-22,0.001927642556064587,-0.0067030993959521674,0.0015693742888789426,-3.75913279228729e-05,0.0023731813033371903,0.0012629128879239528
2020-10-28,0.001807055975447877,-0.008696218044447097,0.0014836994191269985,0.0031848856016526497,0.00670483314449711,0.007292184540361395
2020-10-29,0.004353951634509343,-0.009385501106075736,0.003859981464146584,-0.0005171599566182912,0.006382918278252424,0.004245493318627799
2020-11-02,0.0003393372924608909,-0.011734894174405652,0.00022197594863401782,0.002760291867922593,0.004555040237943192,0.003854062063446852
2020-11-19,0.007602841278851205,-0.023752535635111104,0.009665135350879716,-0.003615383348756114,0.0033552981621496995,-0.004391586098569648
2020-11-30,0.010072997439879966,-0.03079579526899036,0.012209855315022493,-0.0068885655845597055,-0.0009294885090129542,-0.0008710906818881724
2020-12-01,0.006024188742813061,-0.03229503955405906,0.0074239876604246455,0.0019284465647862459,0.0030111733277931006,0.00342796909368126
2020-12-02,0.005415421375693431,-0.024165800222673083,0.006586964303328613,0.005212092796645924,0.0024513022114439993,0.006308718686443799
2020-12-07,0.00360317500638066,-0.023668555310075903,0.00495642862261389,0.0042256870669967125,0.0016787993669113719,0.002027846320839674
2020-12-10,-0.0004885668670813609,-0.01800580179542613,0.00028901090081722564,-0.0033880197581287186,-0.0020150431736442823,-0.0049481870380363845
2020-12-14,0.0034294057530576544,-0.018746069737366748,0.004489443082735946,0.0004904689866002537,0.001006013311458158,-0.000417972689370244
2020-12-16,0.006095779900292274,-0.01939893594540429,0.007144592829884524,0.0019370385609847884,0.0003582315557694501,0.001107272552714738
2020-12-17,0.009801668408835423,-0.027450856344700944,0.012594827421779975,-0.004659087707027068,0.0001798719531777588,0.0016749622201649092
2020-12-18,0.009713080752211625,-0.02330004745084506,0.012297027778574256,-0.00026069628103372183,0.00029895790050863714,-0.0001702132769223763
2021-01-05,0.00960145587014534,-0.06572051143058817,0.014260272217491113,-0.021629719395486774,-0.007720371215187847,-0.01555259500181358
2021-01-07,0.012980510902559333,-0.1000731099090562,0.022022974479668583,-0.021980440110808963,-0.012811145129775648,-0.02372108473737239
2021-01-11,0.006067502869016528,-0.08244089312665667,0.010018354111663769,-0.004914327752758824,-0.0047417856471210496,-0.006799978167860016
2021-01-13,0.00955106910515903,-0.07899847360264362,0.01621586183352533,0.01637437254120795,0.0033586805806821857,0.009956951738821662
2021-01-15,0.00946304990730959,-0.09580501754812823,0.017991581975300514,-0.004878097398509557,-0.0032441444584588447,-0.0024044232223332934
2021-01-20,0.00286794635427802,-0.06215429520097697,0.005151298613231617,0.01965325427666012,0.007921360124418096,0.013811190872365875
2021-01-21,-0.0004183083722074654,-0.05883572154809853,0.00028420004770601803,0.005721961569743375,0.004720670992957143,0.0015788935048342
2021-01-28,-0.004953820352582933,-0.06572678346260517,-0.006827377127963011,-0.006606981542979604,-0.002793338259856254,-0.007617273199737054
2021-02-01,-0.0013473776861277625,-0.04523664924995553,-0.001539361613795101,0.012190813822149024,0.002980893509639919,0.006943704724490782
2021-02-02,0.0022490364521410705,-0.03412846053829592,0.00255209029896266,0.006733506195846298,0.005444207257841602,0.010145143704377892
2021-02-03,0.0005583150026014505,-0.0318799941104603,0.0003867747128040652,0.010269122342402418,0.003889795361301032,0.010649186882570633
2021-02-04,0.0014019879282919645,-0.034839180099135836,0.001443178025548407,0.007572513704746861,0.0068499664196232345,0.010069598686817935
2021-02-05,-0.0017592151073293344,-0.031822505559287284,-0.0024139135113215027,0.0037125124731469533,0.0025837451077339833,0.00680361827863607
2021-02-08,-0.0015042791309954756,-0.04675875741341455,-0.002334743465730281,0.008824946468579412,-0.0005032126759357443,0.002261769006079578
2021-02-10,-0.0029448571442054206,-0.04503401444339739,-0.0034699968609043855,0.01369346809025436,0.0063734082893336895,0.012311781391062558
2021-02-11,-0.004824860733104189,-0.04851031931013649,-0.005900007398872219,0.0077065398878381625,0.0021091565782823465,0.000614726736300239
2021-02-12,-0.005431550906898702,-0.04758821042900902,-0.00584836970478228,0.009392144391196941,0.0010917792049337897,-0.0003004600221694076
2021-02-17,0.001794377401789199,-0.053352867965707734,0.005533301191995896,0.013185029895077666,0.006299043876104332,0.0019286727674547172
2021-02-18,-0.00040157811370016006,-0.051660396487494466,-1.0644700068888902e-05,0.0026233604442842395,0.0006243235630210668,-0.005204153593908217
2021-02-24,-0.00958245173296983,-0.0554482824238979,-0.01329476328798214,-0.009326381425170435,-0.0023482854255253635,-0.006778710173411584
2021-03-01,-3.137182740267641e-06,-0.04053156407036694,-0.00010079800340003636,0.005489488617547722,0.004753450018268296,0.0037669606551245446
2021-03-02,0.0010126012631287429,-0.036848957907371596,0.0013927053369782172,0.012766070906468655,0.009244389894482133,0.00811540644306754
2021-03-03,0.003360711825900309,-0.03455004217906964,0.004089966675564369,0.0030252979179899997,0.005603300342666045,0.004994265429089269
2021-03-04,0.0001336182928870916,-0.034547026146864966,7.693515784629179e-05,0.0008758080978754912,0.0027148264735252087,0.003323327136796672
2021-03-05,0.0017714076936466011,-0.03432270272744747,0.002000266085806439,0.007403385391636194,0.006969092156967813,0.00736690379223974
2021-03-08,-0.0011257611158168729,-0.028756971407591835,-0.0013833135113788426,0.009624989666771763,0.005030863927283975,0.009118584760482905
2021-03-09,0.0010694158729370046,-0.028493659704299863,0.001645535196539611,0.013507240818475416,0.006654171672146464,0.011077306143622765
2021-03-10,0.003338018557609665,-0.036887335635443955,0.003920307322389356,0.004043016932536794,0.004735474040609287,0.0017455379157348752
2021-03-12,0.000592469276444782,-0.034760302350068883,0.0007114330960994522,0.005050083892969973,0.0009348998566193409,0.0021688333583178357
2021-03-15,0.002888177429436395,-0.037249184138412314,0.0033557102820394244,0.006853413655290394,0.00557432351672112,0.004984349326940966
2021-03-16,0.0021258322769318744,-0.039920204785374336,0.0031465948550432263,0.000370346176161232,-0.002970539325247993,-0.004125226464245173
2021-03-17,0.0028881727841483656,-0.03811672895658633,0.0040932286295457115,0.0019470906675315008,-0.0006448580644794026,-0.000526115396452996
2021-03-18,0.0005355817774287952,-0.04153165737861182,0.001302600553034515,-0.005084902521891754,-0.0035326099457635395,-0.011047565016448185
2021-03-19,0.0030450276366750656,-0.046636521637137815,0.006227809526783985,-0.00456723627737142,-0.0007767892395246501,-0.01370967335260051
2021-04-01,-0.00011337771344811787,-0.021273536775975023,-0.00020519907446762964,-0.004089418691270309,0.001618752540787997,-0.002439429773202134
2021-04-05,-0.0018255890171794478,-0.013166505123370802,-0.0019533498193305254,0.00516669275265022,0.002625624896566177,0.00429511328747237
2021-04-06,-0.0021148218863471582,-0.012187295797508034,-0.002161688872192702,0.007979776458498414,0.0058949762042718925,0.007871946070129473
2021-04-08,-0.0008733262278921919,-0.013895359759343175,-0.0008815720743622912,0.00462262441749748,0.0011210310361858093,0.003399199371953758
2021-04-12,0.0023947814293225553,-0.019308740632945607,0.0026555868902013377,0.0018538710309220358,0.003223330374800543,0.0021525229802910398
2021-04-13,0.0015235412456357025,-0.019968777860683573,0.0016920300760562453,0.004773405198831189,0.002381771943206908,0.0039154277124338575
2021-04-14,-0.0011512947998675097,-0.01838477361090221,-0.001200859383221002,0.005474813551720442,0.0032106129122790716,0.004666322880991499
2021-04-15,-0.0013035439815763453,-0.015727922162722143,-0.0014169084221407648,0.0005346513813803411,-0.00031764170196318595,0.0005728309248852342
2021-04-16,-0.0017297205520739045,-0.01632734991436045,-0.001868319024168185,0.0011668974357184336,0.0009701898926153911,0.000285400663777767
2021-04-19,-0.00030353227339753597,-0.028587397235471056,0.0013625497011617235,-0.0022549921173935297,-0.0007021831009807935,-0.007251749584606282
2021-04-20,-0.0056708234973966015,-0.017196344236917762,-0.005668670910031188,0.0019026800532760124,0.0013856488071986965,0.0018163185217596085
2021-04-21,-0.003695303761478974,-0.016770956954954726,-0.0038536581827847347,0.005948016933649686,0.005706594712117754,0.003926075937756436
2021-04-22,-0.005118729008493708,-0.015142064028973806,-0.005286256870236983,0.008213265170845169,0.00665380315864058,0.006766038399701545
2021-04-23,-0.0043395063184729285,-0.019878953288895544,-0.004497128448092993,0.008115337375321434,0.0031520108707842835,0.005195353974875104
2021-05-04,-0.008415208447546021,-0.018734152367456736,-0.008905466261393805,-0.00019942796019807585,0.002306952322000136,0.0020354080098174306
2021-05-05,-0.007392211210550649,-0.016618069763897618,-0.007697153628895021,0.003536487450655386,0.001033237044643063,0.0025029335807846033
2021-05-06,-0.004476962012844921,-0.014671637261230384,-0.004626846782185556,0.0072877758813492816,0.005742797489615896,0.006796877432533793
2021-05-11,-0.0021598520920551867,-0.016891803484624685,-0.0021996965036666857,0.00892532524460099,0.004565940749427597,0.00785690097298826
2021-05-12,-0.003559284744882353,-0.017744285204084907,-0.004142403756647137,0.015279157683686817,0.010881702085883467,0.011334312732149444
2021-05-13,-0.007532246834416813,-0.023259135332261847,-0.00883756873008892,0.006658309582725619,0.0007954665846644678,0.0028706939665722533
2021-05-14,-0.006264837381596916,-0.026785990180799288,-0.007025919783028078,-0.002569060784581509,0.0002895224711356517,-0.001552972430523273
2021-05-17,-0.012989283394678613,-0.047288490444547734,-0.017100342908273794,0.02226625618027689,0.011730005983639102,0.015263875600040146
2021-05-18,-0.013780886555829375,-0.04036882592154027,-0.017410168518285182,0.012066912144527403,0.008654422363083697,0.00876813528139292
2021-05-19,-0.018896053368342255,-0.04166072766749936,-0.02391857811200325,0.0345901190984592,0.017216261148836426,0.02818293421311193
2021-05-20,-0.014407000389505847,-0.04102321855426045,-0.01882683858034403,0.008325660335185128,0.005937271869329144,0.005159421416395159
2021-05-21,-0.0163045845128387,-0.05794139686002373,-0.02268224548745086,-0.004388595118632294,0.0037119165598226075,-0.005027395516172456
2021-05-26,-0.01940835861537396,-0.04840050345552927,-0.025266916129820405,-0.005654704109847891,-0.0050053723277094925,-0.0040929455204926635
2021-06-01,-0.016185441048262805,-0.0280542959313438,-0.018102677844055216,0.007224746195078874,0.0018577770505327981,0.007463528627613347
2021-06-02,-0.012823197781921723,-0.02511538242853376,-0.014278748347187592,0.014703353609590172,0.0055355027579380885,0.01151861828361446
2021-06-03,-0.010380905096241295,-0.024201008932298304,-0.011508086372504795,0.009208550558242753,0.0017018199692760971,0.007498750675075126
2021-06-04,-0.01216429778290156,-0.02749310762314263,-0.01387786377858586,0.01140650029473958,0.004238951270889087,0.009765313672951477
2021-06-07,-0.01055699634187588,-0.028148761459687234,-0.012238421500043076,0.01934573462358423,0.012149635586977708,0.016192204949604563
2021-06-09,-0.0031490885616551056,-0.03763815279367154,-0.002335959034118845,0.010395789360879357,0.004450583703280463,0.004475728732056414
2021-06-10,-0.006785013449164615,-0.028477678377601498,-0.008222770193885235,0.009356311123316322,0.005553849234507038,0.004562372574444702
2021-06-14,-0.005915841464317617,-0.029095968412057905,-0.007110264832594217,0.008121828814306925,0.002674341027344259,0.0026354731668207718
2021-06-15,-0.006851396468714931,-0.027562341152238823,-0.008267973553330352,0.004606244204891016,0.00013682138924052054,-0.0005374008170484154
2021-06-16,-0.005210276707321132,-0.0283983561350052,-0.006183401755853513,0.006822401951226034,0.00397567207504897,0.0020472528434687456
2021-06-17,-0.006482138189052231,-0.02769941787797984,-0.007684915248670293,-0.0004992995686732005,0.00024772845097182847,-0.0026961695263457777
2021-06-18,-0.007514922325562189,-0.02623723845289387,-0.009012025459792076,0.002720823664605271,0.0014420538026119374,-0.0009701731856520332
2021-06-30,-0.014507194519041117,-0.033506224652140475,-0.017308475441633536,-0.00944666990722276,-0.006175858755272524,-0.008009061879847894
2021-07-01,-0.015586822889773574,-0.03142938413532335,-0.018196960367588545,-0.006679907322848566,-0.004279760751737704,-0.00576323574338114
2021-07-06,-0.008707123648402877,-0.018475020586665933,-0.009042773971788706,0.008868160799245024,0.0020716709243982293,0.00566686807802445
2021-07-07,-0.008227808484386152,-0.018245021602156304,-0.00859770377321783,0.010634270748502199,0.005039039808327605,0.0077386678982587324
2021-07-08,-0.009409540262918348,-0.018579631708157393,-0.009672988403993377,0.010214502711874261,0.003245625046494595,0.007523849002794115
2021-07-12,-0.006823553571100607,-0.01823358109807662,-0.007132173579239242,0.006952394029872848,0.002551637773430572,0.004952986697889818
2021-07-13,-0.006835585261957412,-0.01864140926597596,-0.007217713217935243,0.008780298600425125,0.003010182949981094,0.006488631738711278
2021-07-14,-0.005697372904240529,-0.016499060404539197,-0.005944545222155652,0.010116073088526183,0.00256319763198941,0.007571922908173462
2021-07-15,-0.006244586182224912,-0.01722969050473865,-0.00666492777451385,0.0032493140480378963,0.0011845267680680137,0.000629578765879376
2021-07-16,-0.005905195186617286,-0.015662563334391894,-0.006277913107128398,0.005487446741225713,0.0010760404804481954,0.0010925439375828114
2021-07-19,-0.006572933721381895,-0.01817060698431677,-0.0071258696998923385,0.002929070395712316,0.0018245746718919334,0.0012507295015870591
2021-07-20,-0.008731959011449145,-0.020186529680017152,-0.009376488530781414,0.0047686989487766215,0.0008274246497536365,0.0015437246538726676
2021-07-23,-0.00640477411477907,-0.015655930142240544,-0.006946150538596419,0.0009201861867205868,-0.0016974728386523249,-0.0009296960921891112
2021-07-28,-0.003125740188714435,-0.03282964847745906,-0.0038366571727384974,-0.01107296007362664,-0.003160154179196545,-0.008735978731075483
2021-07-29,-0.004581172106306111,-0.02656014184112192,-0.005374987149302131,-0.005645108685944783,-0.0035812690397630485,-0.006067306518253723
2021-08-02,-0.0032088697224417206,-0.01652480258988987,-0.0034351424814226435,0.006684663593685136,0.003942507619761644,0.006224130446890422
2021-08-03,-0.0027259374161058905,-0.01674184220455638,-0.0029817748521318473,0.007452823028274137,0.0016332662633923075,0.004096536020071137
2021-08-04,-0.000726370859754133,-0.019143062844348746,-0.0009360772503079241,0.0069142093550944445,0.0009996765030918994,0.0054719360954651325
2021-08-05,-0.000772227365477822,-0.020520905169946875,-0.0010572083736888858,0.005646194156202801,0.0001614180936947325,0.0034053737551475657
2021-08-06,-0.0022031073579885582,-0.01929002899848461,-0.0025362566321899087,0.007170416183255694,-0.0004337132975575902,0.005340127856852544
2021-08-09,-0.0009542898827577528,-0.029228135941778026,-0.0013851630246308373,0.008030106993121136,0.0017013433591523894,0.006045190529917796
2021-08-10,-0.0015310911479804734,-0.03014402304155768,-0.0018804075328623382,0.01227746231606365,0.004139152079267867,0.008564993036808535
2021-08-11,-0.0009317167562754719,-0.03000753866768994,-0.001059671802079408,0.010333178668696236,0.004634650757602766,0.007816668441585406
2021-08-12,-0.002526874754396724,-0.02788600002005111,-0.002969412823938953,0.006935597886688835,0.001917480657154809,0.0008976991062512388
2021-08-16,-0.0036527236831285226,-0.028817332926157138,-0.004495774525933242,0.005236787913477314,0.0026931878218320465,0.0026790066192930104
2021-08-17,-0.002999177135944442,-0.0271502432355751,-0.003460069118959276,0.005435040689767717,0.00280929427419575,0.002757371289461699
2021-08-18,-0.004720913259841725,-0.026503253268567412,-0.0056697532064343345,0.004702050944546274,0.0011279845006639325,0.0012351476862227165
2021-08-19,-0.0035307141255513097,-0.026546290388066593,-0.00418427086101995,8.925216247693268e-05,-0.0010906610317435277,-0.0033948156769577735
2021-08-20,-0.003584913100791967,-0.02666224291016673,-0.004517833225335725,0.00029878537031897967,-0.0024544218992098212,-0.003856104206405111
2021-08-25,-0.005333993838300424,-0.029790585695511004,-0.006385708650753122,-0.009934252922883205,-0.004468218058304219,-0.00770855136687304
2021-08-26,-0.005015030600346138,-0.02564786138275181,-0.005860815751571397,-0.006339412098682828,-0.0021318926100524667,-0.0038488919450645684
2021-08-27,-0.0026945205788278873,-0.020242014025497294,-0.0030711330175247527,0.00038356923779421515,1.755538074310961e-05,0.0010105202059419033
2021-08-30,-0.002940845045624689,-0.019862557578513195,-0.0033187257259998833,0.006456591828968801,0.003218440226189981,0.0040964493462530595
2021-08-31,-0.003601234676744544,-0.016438957078213356,-0.0038308157356725728,0.012692314792273084,0.005199736709429394,0.010929888755188081
2021-09-01,-0.001709606806440743,-0.01931990305755416,-0.002003155118943202,0.007745765351575812,0.0024204894272574877,0.005681119731101709
2021-09-02,-0.001346548792974106,-0.02067264062697674,-0.0016049347119619535,0.013570705002780847,0.005367710644458602,0.009140536276086658
2021-09-03,-0.0022774916688471647,-0.020119236200295668,-0.002513107537559369,0.01002450177952132,0.002742922528374646,0.006666936437795437
2021-09-07,-0.006235697538277726,-0.02460097663302966,-0.006932403968584584,0.010081882770622344,0.006580364086084683,0.00918116194372183
2021-09-08,-0.004347587415670318,-0.022070350634423815,-0.004620006842384949,0.013112200781206645,0.004670903808888245,0.008735839743581449
2021-09-09,-0.0037415743399585033,-0.023411441940552773,-0.004001673970454679,0.0035281613144164045,0.001056345974539321,-0.0012951187221813057
2021-09-10,-0.003808196236276741,-0.023309809940809445,-0.0038713094173516323,0.0026510945245793657,-4.104445120520911e-05,-0.0023600113964332287
2021-09-13,-0.003695644427555572,-0.02672427151131159,-0.004368426861184289,0.0016398140823973006,-0.00042594764159667453,-0.0023066625984568857
2021-09-14,-0.004538729034510067,-0.025297632746956244,-0.005252490756440818,0.0016691052755317543,-0.0007053805616426788,-0.0010008906679976302
2021-09-15,-0.004606699305078024,-0.024359247724624597,-0.0056141862422410815,0.0021764901268826464,0.0005189123372889189,-9.540483701792751e-05
2021-09-16,-0.00391374852697951,-0.02221576644221981,-0.004689508066873398,-0.0010948622737997835,-0.0012317519459834926,-0.0042469653087337765
2021-09-17,-0.003612530321482524,-0.020082126716756094,-0.004212516684100855,-0.0006865644785383485,-0.00033606885120823944,-0.0036708834613030615
2021-09-29,-0.008177486509658452,-0.022691017621959894,-0.009015306076132965,-0.004948661258422485,-0.0012751454179446356,-0.0026272265533246533
2021-09-30,-0.007036263861067281,-0.020499521656690736,-0.0076019295846464705,-0.0017461352787917633,0.000528205181902653,0.00012347793316471942
2021-10-01,-0.004099153511714561,-0.014310533431664562,-0.004064264445565418,0.004802905292528956,0.0016398235925925066,0.003200686558371482
2021-10-04,-0.0040140714323871965,-0.015303291374989363,-0.0040726638722361225,0.004284434676780781,0.00013511872986234075,0.0022113405116544957
2021-10-05,-0.002876930064751121,-0.014081804525885137,-0.002925060173133924,0.012628598813489725,0.003868210095619178,0.007779127678736713
2021-10-06,-0.0006124558591605461,-0.014614200145249471,-0.0007861507502905565,0.0105178135238619,0.0038617612725088853,0.006387013347921477
2021-10-07,-0.003755307594479368,-0.01506981551917029,-0.0037163530665531644,0.010016015798372933,0.0016903696550674158,0.00362725816974669
2021-10-08,-0.00513916345523481,-0.015784360331950208,-0.005044326980488876,0.006494149497261847,-0.0009439549749745493,0.0018288122580012618
2021-10-11,-0.004189114934021805,-0.0187002760930549,-0.004300286177152543,0.00980061558925862,0.001777271036291118,0.004576868885550013
2021-10-12,-0.005739374472144378,-0.022100418510848922,-0.006211554449938705,0.006128696787135568,0.0014138333885957456,0.0029559582505951226
2021-10-13,-0.004902184150568048,-0.024019964416415462,-0.005271595119043904,0.005406810297451881,-0.0012741310683278446,0.0007241017964148139
2021-10-14,-0.005303794364412667,-0.024802366500812127,-0.0059687367462715815,0.004619745396425762,9.083646544121374e-05,-0.0007430561614775108
2021-10-15,-0.004025274479391841,-0.02077150122014748,-0.004649336987293799,0.014460225798942523,0.003019452134074955,0.003810276500262645
2021-10-18,-0.0021160760383573188,-0.023649053923790027,-0.002036233713893505,0.0019858208580050274,-0.0012020719234199246,-0.0028778096628348238
2021-10-19,0.0010458001664415822,-0.020889789637440318,0.0014190425548407104,0.0051833188606319885,0.002154055863057938,0.0018064178774780948
2021-10-20,0.0011305451045818399,-0.027843907270459788,0.0017129981452542187,0.00250473866493596,0.0006601393106366038,-0.002549693149499061
2021-10-21,-0.0018653246389724182,-0.023051955270170954,-0.002049402211041936,0.0033755106532299822,0.0009209712440617461,-0.0021412260560298886
2021-10-22,-0.0029800884458242236,-0.019039007527869356,-0.003387303297460117,0.0011127663852937425,-0.0002576093803385651,-0.0023709473825561343
2021-10-28,-0.0021307027852309757,-0.017537448899085276,-0.0022966731320024324,-0.004241634332902838,-0.0009247868301121842,-0.001972370999049896
2021-10-29,-0.0008689278662384406,-0.014405988149169997,-0.0008655648820487458,-0.0009156857948757827,0.0011019254387876591,0.0008198510292535335
2021-11-01,-0.001176557900819289,-0.00949411171590081,-0.0008779275354167185,0.012168377951435355,0.007502994679544067,0.011310980726530877
2021-11-02,-0.0030069639968283296,-0.01119700193717948,-0.0025605337805169152,0.007880178320654657,0.0027062080439609615,0.004678954949935069
2021-11-03,-0.0036988823433277765,-0.011291109053450028,-0.00332241964215803,0.007239215600585769,0.002083823200397383,0.00407687477703471
2021-11-04,-0.003441508907962028,-0.011576300858809025,-0.0031270457004846774,0.010382238632963434,0.005378741938933186,0.008886592778232083
2021-11-05,-0.0051511585969680265,-0.013031460283271921,-0.004837687573606657,0.009508628353847429,0.002999653920780939,0.006300018293160407
2021-11-08,-0.0031063204890014254,-0.01757563748283849,-0.0033012755737241023,0.005822704510430862,0.0017090786294154808,0.004684881551647927
2021-11-09,-0.002678652776209267,-0.016166449729291252,-0.0028125483126674802,0.008460972056113611,0.0031398755477315306,0.006361297938065329
2021-11-10,-0.0030524530799999755,-0.017197880366113947,-0.003122329865580368,0.007067051625208404,0.003473850831265647,0.005391253377697983
2021-11-11,-0.0025597494784516187,-0.017511943132058713,-0.0027037262791680915,0.0019987908799433893,-3.083891806810943e-05,-0.0024742441516897203
2021-11-12,-0.0019024875320168833,-0.020292260560163918,-0.0016221733232311165,0.0014347853871671881,-0.0006427974787769995,-0.0038987030790818035
2021-11-15,-0.0025012487509507783,-0.020614239181894867,-0.0027400910061506738,0.0034240319409340886,0.0006348126480490504,-0.0013371857462692732
2021-11-16,-0.0026045272347556686,-0.022656831290659242,-0.0025454012988853254,0.004028644091103241,0.0018782497595072126,-0.0012864708330625994
2021-11-17,-0.003215562386473997,-0.02442367624305526,-0.0038945128489576257,0.0024116224287113325,0.00026112161309792964,-0.0014364407425721017
2021-11-18,-0.0033951200408607538,-0.02453371144017744,-0.0039781951843270436,0.0016146444667596432,0.000341375587036348,-0.004393880314596532
2021-11-19,-0.00249858610221948,-0.02488489302974685,-0.0031174756586232373,-0.0018749889272533377,-0.0026876491733493196,-0.007654076016887074
2021-12-01,-0.0033001740021334977,-0.014926858768724589,-0.003143931439842486,-0.0037787308763965466,0.0011345372371711886,0.000501720212672932
2021-12-02,-0.004792191091604926,-0.014453191573285767,-0.004530130615611293,-0.0018056753140518467,-0.0006706207934533762,-0.0003841722304037329
2021-12-03,-0.005808904199738223,-0.014358501538772816,-0.005550347057180693,0.0017626374610382606,0.0024441666224542767,0.0019656691585557898
2021-12-06,-0.006697886439816746,-0.013990198849249473,-0.006235363123748396,0.006426536395167937,0.001079212247536307,0.003983972816258799
2021-12-07,-0.0028229774311529857,-0.011015424581510678,-0.0025241480987305918,0.01310728164148399,0.006589351046942507,0.009407728512452284
2021-12-08,-0.0035143277197174083,-0.012123402806921847,-0.0032601938829500653,0.012507264709072229,0.005162565140189892,0.01097794241979558
2021-12-09,-0.004066458755488139,-0.01471847225838924,-0.004038897560693113,0.012092354567564863,0.004887011458291499,0.0070565317755502815
2021-12-10,-0.0036570200695963118,-0.015385664012924846,-0.003793739210357503,0.01393815814213313,0.006278127950671685,0.008757031197401524
2021-12-13,-0.005045505912945593,-0.018575334648121184,-0.0054616094741136295,0.011442607658799342,0.004345719240295601,0.007051723465771327
2021-12-14,-0.004630497288975757,-0.020401304821869495,-0.005089383923024406,0.010113132839856181,0.00406126644426303,0.006295185663549117
2021-12-15,-0.0037627726044748913,-0.02012616181845933,-0.004198816176880338,0.008316921495810349,0.0025140477036075717,0.005021456866570923
2021-12-16,-0.0040590169173991275,-0.01784555242228679,-0.004514296169180542,0.005784664804076689,0.0015100692141537982,0.000630003746147488
2021-12-17,-0.003543920448419613,-0.015952407241388175,-0.003630338009153463,0.006793144683394606,0.0034556495198693176,0.0030342433754380962
2021-12-20,-0.004138260950608673,-0.018193327844695184,-0.004917278130835236,0.004633444903867877,-0.0018604641904507065,-0.0019451604827529084
2021-12-21,-0.002678963188654071,-0.017087164195539926,-0.002956027823796323,0.007226574107007916,0.0002723114211387219,0.0005016534319608502
2021-12-22,-0.0019186790035423257,-0.016938699457620908,-0.002055527728511329,0.005515237521391152,0.0002575142228767053,5.2871412950579455e-05
2021-12-23,-0.0020180721932057735,-0.017498118203739893,-0.0023022355244945933,-8.25867495757096e-05,-0.003149124789051475,-0.004692614191743546
2021-12-30,-0.005628826291744604,-0.013908669785897824,-0.005414698784562506,-0.003013671612615537,-0.0025506329657146443,-0.002975107014284939
2022-01-03,-0.0028871754557849225,-0.006538286585136983,-0.00218018422619153,0.006101112524990487,0.0006563616347562279,0.0022969186894187046
2022-01-04,-0.002185603539055135,-0.00523909054314009,-0.0013145416699039464,0.007096879401637661,0.002619409722786373,0.0037535781771025137
2022-01-05,-0.0028276033953209545,-0.006975148907803845,-0.0020301308991299474,0.006768198060888152,0.0037919536700990924,0.004451857791786655
2022-01-06,-0.003918700349210998,-0.008287474705204636,-0.003380872187452741,0.008814828973484873,0.0015051936991846444,0.003911483531145734
2022-01-07,-0.0027830965950404185,-0.008290611245692962,-0.0025020728222107935,0.00714583258298352,0.0015982413720234921,0.0034582308199593847
2022-01-10,-0.004305515102828068,-0.009334871327345388,-0.003936182490443295,0.007418184145179654,0.001730068814503525,0.0038588517269453303
2022-01-11,-0.003291075105773242,-0.010221332166946644,-0.0032551432724185307,0.0052248027791355345,-0.0009446788154282796,0.0007703514975414289
2022-01-12,-0.003353227673648637,-0.00920926712917784,-0.003070670424623603,0.006924124267197858,8.4883834922337e-05,0.0021528734454533613
2022-01-13,-0.0031381413419252976,-0.008981853256178878,-0.0031427165812198607,0.002806811627245477,-0.0006206887836868701,-0.0014359229971979276
2022-01-14,-0.0031823338643861,-0.008334527340003015,-0.0033231913996680127,0.0016309592781366261,-0.0011134637356905166,-0.0017539691650663158
2022-01-18,-0.0032227940591698784,-0.008601521196441086,-0.0030093591327777893,0.000684814785921091,-0.001551471790116275,-0.002151779996524897
2022-01-19,-0.0046584303849462605,-0.008946390189045082,-0.0043950782089254865,0.0016909369802912966,-0.001646362063513521,-0.001489925793201433
2022-01-20,-0.0044396085199793316,-0.008061917501114003,-0.004219699093679624,0.0015921962197484943,-0.00017274767358810457,-0.0014485233347564085
2022-01-21,-0.006499296598250423,-0.01304857477450188,-0.006620051937691168,-5.014199313185114e-05,0.0008215102275227464,-0.0016179625120408027
2022-01-26,-0.007709942473839472,-0.01711964502080861,-0.00790554045957622,-0.004327835455663627,-0.0001186649606178744,-0.0009773723952699286
2022-01-27,-0.00801881145158783,-0.017060718591233384,-0.008398142827807847,-0.0028540400972187005,-0.0020854364127503335,-0.0020643554801620285
2022-01-28,-0.009574749982013998,-0.014192304631518037,-0.00932155446031575,-0.002218970385145305,-0.0029256578462893996,-0.001901750439269604
2022-01-31,-0.006379085482260821,-0.009858660355084068,-0.0057961886520340586,0.0032228470365947004,0.00027775814857949714,0.002144658977162324
2022-02-01,-0.006947723772614184,-0.009311464818038961,-0.006073645420648843,0.003861886549891433,0.0007544159902232415,0.00276007631705291
2022-02-02,-0.006853009075085355,-0.010357224988749554,-0.0062809009206070705,0.006916582607139038,0.0031238457713027423,0.004875541635712782
2022-02-03,-0.00691249948401651,-0.010363752942138331,-0.006273815875761656,0.004323624441741669,0.000899231957689501,0.003061882512814291
2022-02-04,-0.00690613492630876,-0.009685545069175001,-0.006146489266096972,0.002823476455583361,-0.001037973652104977,0.0018546639772715062
2022-02-07,-0.004538527381071911,-0.010366048400132385,-0.0043580548975134005,0.00455229519365901,0.0009102525461033347,0.00321528619356852
2022-02-08,-0.004793820320209495,-0.010630941095754829,-0.0046459052309611604,0.005395238468401543,0.0016204400357351378,0.0036690668598843186
2022-02-09,-0.004533248520496143,-0.010666264245621244,-0.00444342706136523,0.005819684024429388,0.00165951189032865,0.004025913666875122
2022-02-10,-0.0047892140171675104,-0.010979864133330398,-0.004661739434699021,0.0008294846398733471,0.0006314701401057016,-9.029321168522314e-05
2022-02-11,-0.006494760185839908,-0.01231808286797181,-0.006274152735614295,-8.837590032335224e-05,-0.00023509232434233349,-0.001002580518692302
2022-02-14,-0.0072913630057016635,-0.012515094873815526,-0.007381072518823958,0.0009749263110790315,-0.0006001635184802283,-0.0006766305495310189
2022-02-15,-0.006939114310256594,-0.01200807182614287,-0.00702072378591838,0.002162513946323469,7.75999805333466e-05,0.0008119425317412166
2022-02-16,-0.005942215537787766,-0.011125308983343882,-0.006120222887702238,0.004583482373721248,0.0015553167872890006,0.002428359394406573
2022-02-17,-0.005475826472843379,-0.011805075141295203,-0.005684050478761981,0.0012383592828166881,0.002281178922299648,0.00045585295502951345
2022-02-18,-0.005441416979842968,-0.011683133368392704,-0.005607099485377701,0.0010413839775414435,0.0011209175878922738,-0.0002940454516988482
2022-02-23,-0.007907301374892275,-0.014697912284811624,-0.007911829113752685,-0.003458657826830601,0.0010715005108716917,0.00012743384213162456
2022-02-24,-0.008420691376564898,-0.01733164319579562,-0.0087934811639728,-0.002794051031402678,-0.0016704001651917585,-0.002481997978321694
2022-02-25,-0.006341092691205162,-0.01009666886221522,-0.005680103216003787,0.0040992794073311245,0.0013539910624295291,0.0028270589234683854
2022-02-28,-0.004799900138360805,-0.011803362939764288,-0.004638761441088475,0.0035566268804879397,-0.0006069985990219198,0.0015281508460229017
2022-03-01,-0.005015182901870523,-0.009426098681300343,-0.004276850236532346,0.005209623043554157,0.001607615239927031,0.0038481767502027402
2022-03-02,-0.005138791926498361,-0.008709456940826012,-0.004310938945477723,0.008340486987860711,0.003486161245486917,0.005847886386695256
2022-03-04,-0.005247195886950995,-0.0119669101037623,-0.0049630208488513315,0.005238902129872644,0.005640552780357137,0.005649340495577238
2022-03-07,-0.004480392059448092,-0.01242907707210962,-0.0045191573969684505,0.006620065358146243,0.004013401916737611,0.004880323932940394
2022-03-08,-0.00574791982847804,-0.01331622930899604,-0.005677164850957799,0.0065555580565645685,0.002041088861927257,0.0034186822746240762
2022-03-09,-0.005035377109522905,-0.01385138414660381,-0.004994353142049091,0.005428921213592626,0.001447885434786373,0.002805496053133568
2022-03-10,-0.004797803470517052,-0.013882484293329202,-0.004627560545065695,0.006488254707826296,0.0025212157303081233,0.0026720430154619224
2022-03-11,-0.004181605906232899,-0.012805759900557562,-0.004104791169766031,0.0031416946720166303,0.0013620485991918778,-0.00014149334980561624
2022-03-14,-0.005160675504265071,-0.015745422059672005,-0.00535767422389089,0.0010376380516652767,-0.00119664011724307,-0.0020671349753429644
2022-03-15,-0.005784345681805546,-0.015765245002636902,-0.0061755101987320885,0.003319771873312026,0.0002341275296630363,0.0001948900884256137
2022-03-16,-0.004540084000876819,-0.014658188668942154,-0.004951641127886076,0.005465549032933302,0.0010636364472653929,0.0004048729356984776
2022-03-17,-0.0038939784150616927,-0.013569723710516087,-0.004192536236962967,0.00119480515036912,-0.0015281399210301458,-0.004282751559308219
2022-03-18,-0.0022616193029811674,-0.01188616273727218,-0.0023569038504055746,0.0001748856797657919,-0.0010844070649751467,-0.0035154385651706196
2022-03-30,-0.003029999698249259,-0.005684432413920054,-0.002050165193359067,-0.003131105061949,-0.0005301879251148897,-0.0009684356864770446
2022-03-31,-0.002963220807339125,-0.005568222235247345,-0.0019990442405425383,-0.0024152786275787527,-0.00047597990961521786,-0.0007812800712736637
2022-04-01,-0.0018696135068740558,-0.003298204472537405,-0.0008759545686855665,0.0015123798468636464,0.0007599534370440835,0.0009754616943073243
2022-04-04,-0.0020390563602589243,-0.0031164592801688137,-0.0009602738301596869,0.0038756991401151693,0.0016703329614977682,0.0019772694882773563
2022-04-05,-0.0018525643588643316,-0.0030821940354531685,-0.0008562211219854173,0.005589490541251633,0.002752268483364149,0.003028024966378471
2022-04-06,-0.0021513034048554515,-0.0032819168620264244,-0.0009327628413081518,0.007495900709956139,0.003234612307692348,0.0041058826867080515
2022-04-07,-0.0029248949606537795,-0.004271097464070361,-0.001817910128529204,0.006825711294776486,0.001914854110890085,0.0027640978208771025
2022-04-11,-0.003725351056719506,-0.0058358188574868086,-0.002852869238604969,0.008062157940142409,0.004427321391940105,0.005399018743516232
2022-04-12,-0.0035482731893663917,-0.006246872222455853,-0.002994864317428172,0.006731718299963198,0.0028402549950940865,0.003415858633048713
2022-04-13,-0.0036161731323257305,-0.0061134072829967185,-0.0030808136694742815,0.005951411329437748,0.0020739573452925935,0.003172070279340633
2022-04-14,-0.0033472340192657705,-0.006095201813147511,-0.0030757134029490187,0.00254239484291912,0.0006070558869185972,-0.00030627326626779354
2022-04-18,-0.005380629300928277,-0.007757458103110228,-0.005135021790687622,0.002018075665333078,-0.0014303442676061283,-0.0010407203290546743
2022-04-19,-0.005080319535792216,-0.007374871232760655,-0.0048551483092204376,0.0023468136124604085,-0.0008024870825960196,-0.0009264365904933063
2022-04-20,-0.0043590332970399465,-0.007618055144007132,-0.004243508497975081,0.002324271030798273,2.958502129478055e-05,-0.0007487922435992223
2022-04-21,-0.004576671594733395,-0.007261539371221255,-0.004279651192258548,0.0017810791390920205,-0.0010123696957916864,-0.0020838657327626534
2022-04-22,-0.004428966950774486,-0.006647832533177562,-0.003939271138504277,0.001631925686319851,-0.00016551580077990742,-0.0007496369055127877
2022-04-28,-0.005195781657891859,-0.006295820220295001,-0.003626751020531149,-0.0007884513274065211,0.00024776163865705345,0.0004012605743506561
2022-04-29,-0.004341706901473633,-0.00521837405060219,-0.0028932748233888713,0.0003283990849228119,0.00030950592069429756,0.00028354188636846127
2022-05-02,-0.0032197204172580603,-0.0035348237547149592,-0.0016384117565669742,0.005951504491034647,0.0034088170249320354,0.004378401610424003
2022-05-03,-0.004114976500536337,-0.0047927431248884125,-0.0026725748573033594,0.007034537607961702,0.004018594711012835,0.005224219452660917
2022-05-04,-0.00342350217892088,-0.0039906460985951984,-0.002153519917130216,0.007871826477085495,0.0029926372924135736,0.004901578752799399
2022-05-05,-0.003114069040107501,-0.0045267923022132995,-0.002041700108841955,0.008118866228979359,0.005059359837459324,0.005868706075730522
2022-05-06,-0.0030454088557046524,-0.004448433674540175,-0.002097424152236746,0.006948094767148302,0.002935439140083234,0.003892992882618276
2022-05-09,-0.009756278894630738,-0.015278916148871405,-0.009382934275099598,0.003474526807061999,0.0036555033937832916,0.004020653274316582
2022-05-10,-0.00655766599619393,-0.011406449066729203,-0.006219021701839503,0.014289612511414224,0.00724779842317032,0.009973192359772906
2022-05-11,-0.01553863804789736,-0.024900156130714446,-0.016939762100167954,0.007648882278290581,0.006306976363026736,0.008910427510268729
2022-05-12,-0.023649746535165897,-0.040325291758214137,-0.028885751288450383,0.008543716807623086,0.005043286759938953,0.008324741052105004
2022-05-13,-0.01610334370653764,-0.02366847118664822,-0.0177526200234583,0.0065819668200932935,0.0051484220775914365,0.006414036676561714
2022-05-16,-0.013286146873134154,-0.021345431231786116,-0.014678592420338945,0.004565972901585849,0.0021940945400730494,0.0034343074245986246
2022-05-18,-0.01317094979139928,-0.02091092074472735,-0.014580411717372656,0.005454784012771746,0.005126890197969615,0.005237379542498602
2022-05-19,-0.013044458500301975,-0.01867387109801307,-0.014054425038190398,0.006939850653168336,0.003971886015534505,0.004840057974619647
2022-05-20,-0.012904937686548157,-0.019523202939531126,-0.014130533199966638,0.0038198677154775637,0.003666353928742306,0.0023520503241558285
2022-05-25,-0.013380539163653664,-0.018660745809931458,-0.013593740373466608,-0.005024478136755245,-0.0021745386627221377,-0.0018660215960523002
2022-05-26,-0.011326545660272344,-0.014992045514659241,-0.010691729179150419,0.0032585489395600617,0.00230310709414968,0.0040399407555961955
2022-05-27,-0.011864887255342751,-0.017008629214014446,-0.011813819647198218,-0.0005907083788424111,0.000842512734601935,0.0005796482139107072
2022-05-31,-0.007050271941443323,-0.00966595782675307,-0.006099737587886127,0.006146422755772013,0.002855320190579134,0.00492575557639667
2022-06-01,-0.007562253252415503,-0.009598432363091217,-0.006318875415532408,0.007145996950410807,0.005052961686940626,0.006436612129570562
2022-06-02,-0.007750105319647128,-0.009660204897252833,-0.00666642981333033,0.005415374735418824,0.0020342468002880545,0.004027986352952212
2022-06-03,-0.007307654262014695,-0.009224314148902638,-0.006248866036375866,0.007666513555368584,0.004489439226688902,0.006388134514961976
2022-06-06,-0.006276650111122498,-0.00981637853048078,-0.005894861788785796,0.005338112763024108,0.002428730636323517,0.0031026735649535807
2022-06-07,-0.007097620851654114,-0.01066131134902028,-0.006784359868846887,0.003423967944362165,-0.0003395774795375891,0.0015396059212703372
2022-06-08,-0.007050566559172543,-0.01115410284893609,-0.006726646931653389,0.004701066510858193,0.0016850170930444476,0.002833055878651467
2022-06-09,-0.006972960579964764,-0.010877595137472487,-0.006661115963182952,0.0022350974916979793,0.0003892442844537127,-0.00017566368160636635
2022-06-10,-0.007388431629691987,-0.011755374594570541,-0.007223220277733301,0.003069122287280901,0.0016105686259315771,0.00016457247723165175
2022-06-14,-0.01797667883261439,-0.031380590118901396,-0.020863150784886642,0.006998494721778228,0.0021873477093817956,0.003596422250026522
2022-06-15,-0.015402092806034884,-0.03100208076054112,-0.01808743631381736,0.012529302951257398,0.005755059216043891,0.011364133879202098
2022-06-16,-0.021915842612959605,-0.037678971087494545,-0.027178511688975206,0.008173955348944259,0.006650185512080471,0.0038331676477500257
2022-06-17,-0.023312422669678277,-0.03536235044984323,-0.02877155085079094,0.011533004113032694,0.0074224802950262625,0.007505246736410308
2022-06-29,-0.01638276037929256,-0.026106383735192563,-0.018141903800908465,-0.008783147597529295,-0.005251664325661074,-0.006347837296278781
2022-06-30,-0.01724111992640591,-0.029260637103230926,-0.01961394895967853,-0.010784110981982897,-0.005679280887761651,-0.006249414742352792
2022-07-01,-0.017768991434563716,-0.024472232992073444,-0.018767354826901846,-0.0012594617071325503,-0.0005559386543575913,0.0006507661551445124
2022-07-05,-0.011451404571852612,-0.016496854406209627,-0.01125242124537177,0.004228574773503642,0.0019082940083146212,0.004430953096280499
2022-07-06,-0.011275074585373482,-0.016963202926524593,-0.01140349129260128,0.0015595490671019355,-0.001655546401938459,0.00026770557622638955
2022-07-07,-0.007995356535656181,-0.013105171329263903,-0.007625072540786853,0.004975982502010652,0.0018013921197451883,0.0040488130804874
2022-07-08,-0.008016064572696179,-0.012437726373145556,-0.007553545369597814,0.008941310908034968,0.0038928738833435925,0.005697469179289694
2022-07-11,-0.008208079360961316,-0.014118086249177278,-0.008280662699825673,0.0044986252531234935,0.0025827143104585927,0.0029207089870579954
2022-07-12,-0.011103760689077202,-0.0171354174271125,-0.011409518663465734,0.0032313395900431183,0.0016913521306972448,0.00263579198737407
2022-07-13,-0.009688293412295726,-0.016830338551902503,-0.010148797330187998,0.00206037105549281,-0.0007032667725378125,0.001381021493821355
2022-07-14,-0.010843205698141872,-0.017514855228173275,-0.011373196154118966,0.0014478396192501783,-0.0004064488368372629,-0.0008859594527125571
2022-07-15,-0.010506832370304892,-0.01625865679527984,-0.010940959472915493,0.0005311389003554712,-0.00015497922488321922,-0.0007190133992008366
2022-07-18,-0.007319180630009872,-0.016630353481436454,-0.007870236411903337,-0.0016317059452882685,-0.0021638247707568403,-0.0021030616335017613
2022-07-19,-0.006590540281830162,-0.016792559653994173,-0.007479705616594846,-0.0006627073954012172,-0.0016154012657352782,-0.0017630171686139132
2022-07-20,-0.006889365500303279,-0.018644488137303423,-0.007967947844816643,0.0018421186663114125,0.0017854877553565088,0.00035781643865045315
2022-07-21,-0.0069237155766111655,-0.01742611725802566,-0.007698844569620406,0.00047624249054007556,-0.0008549991691299344,-0.0024889553826802392
2022-07-22,-0.007788297844540007,-0.018212566584711085,-0.008896424354800155,0.00023061717804195164,-4.741279545975377e-05,-0.0022821918428399743
2022-07-27,-0.007914252409716722,-0.014521076151496906,-0.0076247250259137665,-0.004616872515880492,-0.002580005477620103,-0.0010656763164877056
2022-07-28,-0.007966043513543838,-0.01473646473840309,-0.007677961860018597,-0.008052064815399489,-0.005117059789605858,-0.005234138798487586
2022-07-29,-0.004462873142491983,-0.00977469226525183,-0.0034380767116589887,-0.0035019023406412247,0.0014588652213730294,0.0012863362447556714
2022-08-01,-0.004966822965050403,-0.008180217511897821,-0.003281491422546472,0.0033909589361722503,0.002120591041144841,0.0038725753414237084
2022-08-02,-0.005578748012257419,-0.008631970897281299,-0.004043632515628537,0.003788723078095531,0.001635188146454707,0.0030208695778597174
2022-08-03,-0.004108484655826826,-0.007392457909937617,-0.0030121271609740386,0.008962332715049953,0.004953142666086818,0.006377875453880943
2022-08-04,-0.003680716161778501,-0.006165655843128547,-0.0024421341073803107,0.009629696508417898,0.0053084655543940654,0.007703188184140799
2022-08-05,-0.00376206663076413,-0.006533731811717486,-0.0025423333359190997,0.006362922750923823,0.0034883134808101,0.0054448820440680095
2022-08-08,-0.0033885792778769117,-0.009089049363171224,-0.0029858138539679575,0.006869364204836775,0.0030384215618002655,0.005398931110831668
2022-08-09,-0.003543346349354333,-0.010473371569779247,-0.003392869991474196,0.006700401688453629,0.0024544199701365503,0.004035363792156627
2022-08-10,-0.00324449832889611,-0.010142301374559284,-0.0030083283912261186,0.00573035060111686,0.0016531824158501143,0.003051647965896062
2022-08-11,-0.0037463215614759043,-0.01034035575262518,-0.0038409108157341325,0.0015018893308651818,-0.0006228817112797214,-0.0023451591260440444
2022-08-12,-0.0038008680306474765,-0.010404322585369868,-0.003867353170611154,-0.00024354158764017253,-0.001818775791352054,-0.002899072023277143
2022-08-15,-0.004612600734596385,-0.0109661088119323,-0.0050388528713497215,0.0009037509641438221,-0.0007082087007999026,-0.0009988951014666854
2022-08-16,-0.005069789489881529,-0.01100146626943179,-0.005410586842945427,0.002306187313449483,0.00028734386359843475,0.00032548937269763836
2022-08-17,-0.005887922129379407,-0.013758715425258201,-0.0066719046760970735,-0.0002052173179905581,-0.0004360559781849231,-0.0021921369347156286
2022-08-18,-0.007388053711266829,-0.01429696749977973,-0.008275584930209957,-0.0007532508173091895,-0.0023334469017506805,-0.005001715678508923
2022-08-19,-0.007422510915487318,-0.015332941767128957,-0.008344692603393341,0.003109592499268801,0.002145502123503725,0.00039224610373125857
2022-08-31,-0.008902504643527175,-0.01470950527503117,-0.008598602064209327,-0.008683897754887565,-0.00419987785021686,-0.004911070847606015
2022-09-01,-0.010692474502301479,-0.015887016611383045,-0.010455618536408171,-0.007104958686399369,-0.004840117689166005,-0.004533412246537125
2022-09-02,-0.009869493546226994,-0.013921794546745948,-0.009324151578535918,-0.0029042054915876317,-0.0014383952647671512,-0.0006213581062894311
2022-09-06,-0.009054530047292023,-0.013391159728256864,-0.008553571168729686,0.003307928873133824,0.0024136140343146706,0.0026259225495574197
2022-09-07,-0.008565915087023201,-0.012620223117435643,-0.00805623823365941,0.005439747434748433,0.0018083900758896036,0.004873651273019988
2022-09-08,-0.007665273195051316,-0.012225057119842578,-0.007342288007901491,0.0032807157916212998,0.0011078591035427361,0.0019252816929803823
2022-09-09,-0.00633635371008371,-0.010457247413523836,-0.005776018090120835,0.0037675336244068353,0.0005541411439130579,0.002013224505166526
2022-09-12,-0.006092179923295936,-0.012216294678558769,-0.005860407131148344,0.00304511341424335,0.0017186281675137822,0.002761566811191017
2022-09-13,-0.007284226966701349,-0.013797792536911307,-0.00715875919591322,0.0060581477688792795,0.003836299488426469,0.005068144957443
2022-09-14,-0.0073848300290479466,-0.012872092344022302,-0.007105685147658743,0.005504241991523086,0.00196055195761175,0.0037687086677063684
2022-09-15,-0.006729482387328123,-0.012805810072602848,-0.006594496059158272,0.00300816907621404,0.0018947185798332995,0.001328494124776869
2022-09-16,-0.0062760860963431975,-0.010827355356053503,-0.005965815602569395,0.003335918170400999,0.0017256211105727871,0.0014124236404682768
2022-09-19,-0.004905747395256371,-0.01040387995912396,-0.0045730445562409475,0.002264598373051173,0.0006235302043791184,0.0007355696167655312
2022-09-20,-0.006496415558078478,-0.011291927136845603,-0.006104661907575967,0.0009462805864730722,0.0015179944276032392,0.0007787790705788191
2022-09-21,-0.006832181638894125,-0.011939559812752989,-0.0067458974074702666,0.005722790361739671,0.0033279915567537097,0.003264797252950081
2022-09-22,-0.008252331114458805,-0.012765581959018411,-0.008123500102136147,-0.0001811616943509231,-0.0012897236276818679,-0.001697041572610171
2022-09-23,-0.009425509645902615,-0.014082725032655629,-0.00965121927529083,-0.0027295429583461678,-0.003180885431392031,-0.004359387092557733
2022-09-28,-0.01206560850292903,-0.01588742975385139,-0.011507965130798777,-0.0053456054959524005,-0.0025793096775299403,-0.0021319840422645876
2022-09-29,-0.011176304296630399,-0.015195051592674796,-0.010638704820471079,-0.0037670654792005057,-0.0020293871637454587,-0.0018816582345952716
2022-10-03,-0.0068667361130268015,-0.009119320862822435,-0.005864677953080101,0.004449516318223254,0.0010546416370947921,0.0016605447577042257
2022-10-04,-0.0051405854614091535,-0.006509705355149699,-0.003555790034279865,0.004960856204990656,0.00257713502924118,0.004296065146191044
2022-10-05,-0.0060367015574844494,-0.007697866916322976,-0.004696273564881692,0.004576088048169606,0.0015895026362084848,0.0026334644307045366
2022-10-10,-0.0063929999899434015,-0.009243197996867156,-0.005548222421056161,0.0033240916997228573,0.002371138824534892,0.003469359447015829
2022-10-11,-0.00722291609534232,-0.009929607445886472,-0.0064068776299358995,0.0034516014486292573,0.0014145495117290127,0.0022247535292023446
2022-10-12,-0.006869768719012348,-0.01021929107377653,-0.006394345158830174,0.0034595486894773986,0.001811096498858307,0.0025208721219598367
2022-10-13,-0.005424288219060283,-0.008633871288977872,-0.004949120255631151,0.0039748891113499316,0.001443861862696693,0.0015550440217487714
2022-10-14,-0.005103970533729584,-0.007144055659312229,-0.004621960340412963,0.004287132991789497,0.0023560753907599426,0.0019807817299283843
2022-10-17,-0.0049266286111061194,-0.007253038898487523,-0.004565425945821593,0.0012479337907568382,-5.505126687926215e-05,-0.00048017983409784533
2022-10-18,-0.0051176580725735416,-0.008199702685519136,-0.004945167749156325,0.0016091231391274843,0.0014354224823930808,0.0008055125150277596
2022-10-19,-0.006181115729715091,-0.007785332482415816,-0.005704507537462114,0.0017727334308347553,4.3756360559629726e-05,0.0007830535955098764
2022-10-20,-0.005782788859860919,-0.008615391784815728,-0.005690892238308442,-0.001848926416642322,-0.001962485407425966,-0.0033218365037162873
2022-10-21,-0.006684817163896937,-0.00886600415820493,-0.006380308141520175,-0.002284327841030564,-0.0024616422461722198,-0.003027653483799306
2022-10-26,-0.0067467955966270254,-0.010386613445387273,-0.006156794375970552,-0.004321254026377716,-0.00237685314794882,-0.0026026384841196203
2022-10-27,-0.005596348891317396,-0.0077952134621447206,-0.0045741463696456685,-0.001345525494039504,0.0004468808449627857,0.0009589925066708568
2022-10-28,-0.004341197039603197,-0.005331285030229298,-0.0031606444366974323,0.0002799617255880363,0.000762226680141866,0.0019980480993588593
2022-10-31,-0.0039621686493368155,-0.005932215807516734,-0.003148683324913616,0.002315664714467914,0.00044579055487292425,0.0008372097749914913
2022-11-02,-0.0031499272606057734,-0.004622669403314938,-0.0023743755054484914,0.006204315274685731,0.0035955286738683376,0.00436126664392568
2022-11-03,-0.0027032504315355824,-0.0032681214860374444,-0.0018079164150891689,0.0060241627396861105,0.0037376869324876614,0.0045525764303618
2022-11-04,-0.0022666953191248784,-0.0038859402492718706,-0.00172396906997256,0.00313819841397037,0.001310471023550198,0.002413610898126045
2022-11-07,-0.003049887037336871,-0.005991899873373798,-0.002721849632492478,0.0034829787187854212,0.0018731608897885497,0.0022984312551993973
2022-11-08,-0.009698574962545212,-0.013404875979405439,-0.008831491504096518,0.0002887558166562651,0.0033469488484491154,0.005132183206557676
2022-11-09,-0.02022239436502697,-0.03522171824211851,-0.024378075794325157,0.0015530491846358768,0.006120191910394611,0.002790248282278647
2022-11-10,-0.015751766286832343,-0.022710910279777875,-0.01690530718087374,0.0014166620184730833,-0.0011205573603976296,2.674319846462936e-05
2022-11-11,-0.02100003234872333,-0.034115037057155184,-0.024996348607722835,-0.017487880707330927,-0.011244098152514193,-0.014601954714859505
2022-11-15,-0.011878198083148842,-0.022515343253445584,-0.013311364080972707,-0.001257121627770176,-0.0006182191047828661,-0.0017232585529384434
2022-11-16,-0.013889494544178413,-0.028293468902198166,-0.016426289061812847,-0.003527694623777111,-0.00189152234996506,-0.004050459731170207
2022-11-17,-0.012085672475934124,-0.018437829999208923,-0.013127364792429697,-0.0017476328125832288,-0.0002029881120695909,-0.0007266428534230714
2022-11-18,-0.011139616320240082,-0.017143468029010303,-0.011882311728912832,-0.0032870214703240724,-0.00032138886323376456,-0.0004900342458277925
2022-12-01,-0.008361181967988778,-0.009931985307510199,-0.007345607074691317,-0.0010939276251124772,0.001374960489780426,0.0035376205970822482
2022-12-02,-0.007558988245474407,-0.008902342810038889,-0.006462347560049209,-0.001959360916894179,9.490747717944524e-05,0.0022640298899985825
2022-12-05,-0.006777009207296007,-0.007355209785421921,-0.005508127673765765,0.003500881916011816,0.0027296031292687317,0.00499164951497548
2022-12-06,-0.008286441255790849,-0.008100186950498533,-0.006753554312123241,0.0016503747636957763,-0.0003887771865103192,0.003139347051895199
2022-12-07,-0.008755012518038643,-0.008783058164890875,-0.0074389223775062786,0.0027437653848999197,-0.0008405427852211812,0.002695595984632931
2022-12-08,-0.006427000190859473,-0.007424083645403494,-0.00545472298981991,0.003195841133046374,-0.0001308153145212418,0.0031470851029926725
2022-12-09,-0.006913538182472222,-0.008825518144333272,-0.006289175095535478,0.0010749960109620836,-0.001218349086478783,0.0012850163475612558
2022-12-12,-0.0075174476314666255,-0.011606616475268393,-0.007519272504603276,0.0012553930403708877,-0.0019382600973197467,0.001236361878085155
2022-12-13,-0.0062469565855932455,-0.008398563246273716,-0.005594519162125268,0.005533224170544707,0.002149698679235503,0.006426433636651966
2022-12-14,-0.006533816501687665,-0.01379466143849343,-0.006708487026127429,-0.0012347501067682606,-0.0011744322585995823,-0.0017157121752071416
2022-12-15,-0.005789623186322746,-0.007545588264918854,-0.005018378817187253,-2.9868528591697058e-05,0.000932027704815104,0.0021041628699182517
2022-12-16,-0.005652804428274552,-0.007978562895821356,-0.004886310677015503,0.0014549908105360096,0.0024909891322342694,0.002976745424552181
2022-12-19,-0.007107459745511063,-0.008369053143813011,-0.006414295749529454,0.006852778448122952,0.004537416300083485,0.007309969024693384
2022-12-20,-0.007238588022825478,-0.008942326806156212,-0.006727402569858523,0.0027060346072648803,0.0005355550187310914,0.003918540598040487
2022-12-21,-0.005250652894859483,-0.005863529322724237,-0.0038354219009308866,0.003999416404521342,0.004180026964859572,0.0072958997535975505
2022-12-22,-0.005769818932068321,-0.0059167070564712775,-0.004492137859333983,0.0019053319968079935,0.0012155933367187996,0.004171351331284243
2022-12-23,-0.005446100849401225,-0.006110192016698575,-0.004576673734510954,0.0016416916614800624,0.001235613488245092,0.0033896829366788107
2022-12-28,-0.005769057501449886,-0.006350817908012625,-0.004295230089597458,-0.0008814409992006708,0.0017344829253693704,0.004398275828486337
2023-01-03,-0.0025533681188326454,-0.0020382435006052408,-0.0011189155916929729,0.006265777133931991,0.0025354503628067606,0.005966934913004098
2023-01-04,-0.004187190868785565,-0.0040764781446162865,-0.0030369529652621435,-0.0016183316557782552,-0.0026545500811918804,-0.0009761998361638912
2023-01-05,-0.002752901906914393,-0.004245052132171385,-0.0023264600018307767,0.0013439810746763564,-0.00017767871436393662,0.0004265644404079106
2023-01-06,-0.0022413146676009653,-0.002376180515281147,-0.0014488080302476408,0.0035364159436429635,0.0012646931617078735,0.0031670228233922886
2023-01-09,-0.002229030994151662,-0.0032961901519112293,-0.0017478693445197747,0.002338280869313012,0.000591885303287687,0.0017287750935244296
2023-01-10,-0.0018189369117483194,-0.003166362725331692,-0.0014740521119980918,0.002424055413072796,0.0010115221457094648,0.0021367801030297996
2023-01-11,-0.0023235728671874914,-0.004055588393312453,-0.002055983499571215,0.0006427635382848448,-0.0013118992788373925,0.00018947491156205264
2023-01-13,0.003692420778576372,-0.012745125398126132,0.004787840205710301,-0.003167161804787849,0.0006537920373960822,-0.005399292105463659
2023-01-17,0.0007555856871737723,-0.009633451255786811,0.0004293312101669028,0.0021417143878240535,0.0020858824576173553,0.0008124036188202222
2023-01-18,-0.0011398451268238644,-0.009273003282227446,-0.0012744156033408886,0.001033477205494085,0.0011111669541447912,0.00011518981903856952
2023-01-19,-0.001362812617237752,-0.007085981609713613,-0.001468623302131349,0.0011319255857784594,-0.0007026932710363192,-0.0006195416968575269
2023-01-20,-0.0009182176945300609,-0.006547812191058585,-0.0011254558059946018,-0.0025004337900694507,-0.0030389416580201096,-0.0020009512407811857
2023-01-25,-0.0007899594094624429,-0.005543877149914577,-0.0006998152657375504,0.0019186611906451337,0.0021361504127264917,0.0028219583655207953
2023-01-26,-0.00068122894419817,-0.005980086055096638,-0.0006657780260644758,0.0005188431019898555,0.0019470747889340106,0.0017796860725163514
2023-01-27,-0.0003300082793066504,-0.004343914189269343,-0.0003109732692625506,0.0018605879491823234,0.0021443072392906813,0.0021870012410282694
2023-01-30,-0.0011007945345727181,-0.00407997560647802,-0.0008346717614897709,0.0030367885324281106,0.0022164351220298395,0.002376679196393881
2023-01-31,-0.00043242074958632637,-0.0033849359590265504,-0.0003045346453736451,0.0028904250319001686,0.0020866574660698333,0.002805626895186657
2023-02-01,5.679346369512686e-05,-0.0035450428171233265,-7.778300513476598e-05,0.0061201465824659886,0.001990663996365714,0.0032150155453297227
2023-02-02,0.0001282158120024801,-0.0036628078210860487,-5.920447508682945e-05,0.005319906034795076,0.003434267829145142,0.003429729104712363
2023-02-03,-0.0005297713297772004,-0.003159016370387208,-0.0004681018392573397,0.0071079689364664245,0.0032476355516655635,0.004999042115502953
2023-02-06,-0.0015657533117817458,-0.00453360502314259,-0.0014035441456950798,0.0038893651289844816,0.001935876675925507,0.0027034102641415904
2023-02-07,-0.001314285263997586,-0.004728423254794878,-0.0013556961265342518,0.006024931604613933,0.0025824592192730113,0.003721420708490436
2023-02-08,-0.002093340098991075,-0.005326640139809416,-0.0020429259524859236,0.0036860109323837917,0.0010872367622921028,0.0020375784419221716
2023-02-09,-0.0015627181555110253,-0.005440618453823773,-0.0016113687685812336,0.0016491490225797045,0.0012138962044425756,0.0004980944298590027
2023-02-10,-0.0018387234472034691,-0.005289969278240235,-0.0018330234778488668,0.0009318751097997617,0.0007200433014767854,2.191200137675181e-05
2023-02-13,-0.0021736721059149207,-0.006254516846119041,-0.0021884042959037057,-0.0020050721148561455,-0.0012644967855587339,-0.0018202669927042748
2023-02-14,-0.002728408547442683,-0.005342636188967133,-0.002592793366814914,0.0013059721813865645,-0.0008644356547586251,-0.0006094731088129145
2023-02-15,-0.0014714203906063261,-0.006773773691725424,-0.0018114249582708236,-0.003159844794140193,-0.0018751903383530779,-0.002665584770503224
2023-02-16,-0.00211195013044152,-0.007777093895080848,-0.002242365778246905,-0.0017417754709274265,0.0004828333533106561,-0.0016685493768680247
2023-02-17,-0.0007225869223382586,-0.010333267504338835,-0.0012359016075787193,-0.004739961919680884,-0.0014430951255393785,-0.00383005232294213
2023-03-01,-0.00085846407976908,-0.005025609103705085,-0.0007412409689364005,-0.00350133225804862,-0.0005193945694953934,-0.0012810940620742407
2023-03-02,-0.001855279658880455,-0.00488346394515721,-0.0014721939686147606,-0.0019045617446395748,-0.0010170232769385413,-0.0009259456443501913
2023-03-03,-0.0015352586819663283,-0.004532293731117887,-0.001241872462572075,0.00116941847337328,0.0009279437594737648,0.0007189158829424176
2023-03-06,-0.0016682805925082693,-0.0040025183705493066,-0.0013163020930150888,0.0013611184807333816,-0.00026971349490573747,0.00018748578810874952
2023-03-07,-0.0012260979950578232,-0.0031254357629997113,-0.0008727886139054436,0.0027092675007475767,0.0006975054803177055,0.001393589098231134
2023-03-08,-0.0015788471851582511,-0.0026481597680877923,-0.0010153317309336924,0.004799888704801435,0.0019082028509483768,0.0025118723037744445
2023-03-09,-0.0030437503656089195,-0.004926075198565019,-0.0024079606019881848,0.0010320745589917218,0.0008477156770026126,0.00045465947301837235
2023-03-10,-0.0047317456161048085,-0.006577376432976071,-0.003953175037558183,0.000951009071101773,-0.00046131831450522964,0.00013146436040564584
2023-03-13,-0.002860813970255456,-0.010361267258335879,-0.0029655024978385517,-0.0016418892021630785,-0.002436902495129999,-0.0024952649611788575
2023-03-14,-0.0030421530732943,-0.0117191024397412,-0.0031413696088929115,-0.0002214464099276059,-0.0002496048790060733,-0.0011730676191464735
2023-03-15,-0.003876319996167797,-0.012768580456462867,-0.003923954020432,-0.0011416091086141195,-0.001896661485388241,-0.0026882894154525976
2023-03-16,-0.0007306248909973723,-0.010758421011345814,-0.0008820347291026917,-0.0023462745389165873,-0.001184618065459355,-0.0025413271259391856
2023-03-17,-0.0029329775736130492,-0.013395315933604194,-0.0031767260457629103,-0.003251826031802879,-0.004714459970383051,-0.005387270599583232
2023-03-20,-0.00026775982057170716,-0.01580612442977036,-0.0003732844817055034,-0.00048470879148605067,-0.002491322405393517,-0.0034587017304852953
2023-03-21,-0.00014694554406960436,-0.016119586546218475,-0.0003777929398384901,-0.004153273549979956,-0.0030180667135362186,-0.004909579287515148
2023-03-22,-0.002831103818206629,-0.013176696339550696,-0.0029598564657823834,0.0013257469452463422,-0.0014320714411541584,-0.0019064795111212555
2023-03-23,0.001041807963110028,-0.012472462437751497,0.0008257035056036324,-0.0035193758463714434,-9.327636426912766e-05,-0.002641633381464819
2023-03-24,-0.0003492776677809367,-0.013727520734014828,-0.00043589861013643844,-0.0020416814691359836,-0.0008165424402122902,-0.004463943078520164
2023-03-29,-0.002974100555449395,-0.013615809878718394,-0.003092867146386775,-0.010050043229883017,-0.004712000934286175,-0.006561263234571377
2023-03-30,-0.0015952579312742896,-0.010736355223177813,-0.0016475440289465404,-0.004620917260647825,-0.001192977670213904,-0.002496292932234601
2023-03-31,-0.0015823254265440942,-0.010180944496558412,-0.0016249655583554963,-0.005859476137814443,-0.0016462593171426712,-0.003934466764760941
2023-04-03,-0.0014389857466269688,-0.006941196010806004,-0.001326474228782716,0.0018468457157238202,0.0016293295282321174,0.0010858888038268698
2023-04-04,-0.0013380006027050098,-0.006232753776571594,-0.0012071157279520336,0.0022364124975663147,0.0007038087877640166,0.0009429267995600572
2023-04-05,0.001004536784010572,-0.002896985699283524,0.00043881866873940597,0.007634458901462936,0.005226068953988871,0.005874037476710789
2023-04-06,-0.002055013067932286,-0.005271254027143291,-0.0016870379106441336,0.003545316135255456,0.0009507410837204678,0.0018311276374432415
2023-04-10,-0.0019552006411571524,-0.006687060052784528,-0.0018772621877008611,0.0012159329219753184,-0.0005247459842755943,0.0001676171754941263
2023-04-11,-0.0022277307829946177,-0.007800544210663063,-0.0022185412968175108,0.0015840756105363202,0.00015618998630864255,0.00035194925568884754
2023-04-12,-0.0021727357875845343,-0.0071983383418771215,-0.002110936952339282,0.0016850505633250294,6.218556945368926e-05,4.9359132532251354e-05
2023-04-13,-0.0019140491077601143,-0.007846763212958059,-0.0019547044183467113,-0.0016066210993959384,-0.0023103493491751447,-0.003419017925249815
2023-04-14,-0.002582155682043518,-0.00711169531841454,-0.0026760046009482305,-0.00026632343613939777,-0.001889599209746332,-0.0025120389414752947
2023-04-17,-0.0030210806626342,-0.0076127566560982365,-0.0031483719353104234,-0.0015118427250193356,-0.0031382407982948144,-0.004063471926121724
2023-04-18,-0.0026513721469018023,-0.007427189126249783,-0.002698924524684428,-0.0011186055051834384,-0.0016930563088732664,-0.002401901385270442
2023-04-19,-0.0030488545495438446,-0.007998359107940153,-0.0030406227579996845,-0.001907117036962766,-0.001696392982712948,-0.003072071568692023
2023-04-20,-0.003452061963848424,-0.008527540318189938,-0.0035730493159207904,-0.0027019312539496125,-0.0027200425600235395,-0.004615567563950329
2023-04-21,-0.002598194993735828,-0.008901702791893902,-0.002774857708329158,-0.0030263566183308527,-0.002280800014155331,-0.005369870073861173
2023-04-27,-0.001445988664619119,-0.009272729640704977,-0.0014679005310718994,-0.006352410582282548,-0.001779325141375211,-0.0038556567525334443
2023-04-28,-0.00389275257119805,-0.007989146845058307,-0.0036074932417946752,-0.0037435322092641103,-0.003349748021816165,-0.0037462831185199608
2023-05-01,-0.002024385087219839,-0.006278394519924595,-0.001832487519579964,0.0004133832105283758,6.424784547474395e-05,-0.0010563568160258992
2023-05-02,-0.0020538561858192764,-0.006691429741570297,-0.001895903458689457,-0.0011486119376989505,-0.001500132919613221,-0.0019686742519643367
2023-05-03,-0.0017340322077572662,-0.005649042742852139,-0.001573200410547513,0.0024049753850638143,-0.0010239335283052545,-0.00044325300873602775
2023-05-04,-0.0012040296423917567,-0.005217053817765155,-0.0011288415120863883,0.0032091851954108783,0.0008574251517190746,0.0011177721646458312
2023-05-05,-0.00048296176073320263,-0.003774641757890154,-0.0004978330832243797,0.0021894322393495175,0.000679105450630867,0.0012331880341903403
2023-05-08,-0.001073347782965927,-0.003855683115837688,-0.0009362786305455988,0.004618408294262154,0.0014325083347214614,0.001987643528672858
2023-05-09,-0.0011048017440626022,-0.0049675503981825,-0.0011849849505533505,0.0031010283044215804,0.0005406894455211465,0.0011628227762838124
2023-05-10,-0.0009041888432813269,-0.005034024299787565,-0.001113651168977478,0.0037084981795796022,0.0007523389535356718,0.0008186495882047968
2023-05-11,-0.0017334618240770275,-0.005970898648505162,-0.0017364834779379753,-0.0008993626940060444,-0.0006472274497015271,-0.0017926570748040705
2023-05-12,-0.0007162477469065745,-0.006895914770096476,-0.0009368141659042758,0.0002699463320879024,-0.0006538951416217376,-0.0019110520431642013
2023-05-15,0.00026887434258656556,-0.0075257001658719834,-6.032756962568754e-05,-0.0007957577146058027,0.0010071369454342644,-0.0016389941387594921
2023-05-16,-0.00014110985393295944,-0.0067452117355941785,-0.0003151830402797892,0.0002426603319907912,-0.0003818147672028302,-0.0016448916450020412
2023-05-17,-0.0006493580314960168,-0.006983535028400449,-0.0009664416825588638,-9.65156394154218e-05,-0.0012813104103446592,-0.002133615669358776
2023-05-18,-0.0010826806672267555,-0.007458230858653893,-0.0012533561685349574,-0.00372842225318434,-0.0015826451738757581,-0.0042652448500818145
2023-05-31,-0.0034582312359982166,-0.008033000558647228,-0.003250528012799415,-0.004355646905431446,-0.0022473524684219195,-0.0032149629594352786
2023-06-01,-0.002565058854182997,-0.006757999827394715,-0.002365534451752494,-0.0028834023039672127,-0.0011544124123284462,-0.002666236076753323
2023-06-02,-0.001314244896101293,-0.007328406763084614,-0.001146490584189628,-0.002138103731626484,-0.001095361310023268,-0.001658772252885959
2023-06-05,-0.0022859598958711452,-0.0060272633195917625,-0.002080275476559163,-8.391110295431423e-05,-0.0002943516822648774,-0.0005356157554874076
2023-06-06,-0.0008200042965253503,-0.0038257327135052645,-0.0007527500737455231,0.0019262509982256176,-0.0005822786109606986,0.0009193194742975344
2023-06-07,-0.0007717325823241965,-0.003907508236517717,-0.000722979383669387,0.0017776440437796658,0.0009409967106965619,0.00030844619311073615
2023-06-08,-0.001401205400311788,-0.00344648682795319,-0.0011789244943110518,0.0023770411345061075,0.00036587397769102586,0.0010854156462477395
2023-06-09,-0.001834752125159607,-0.003883939141586387,-0.0015419033276369122,-4.976341194441389e-05,-0.0004968026276824982,-0.0007181396648713728
2023-06-12,-0.0025900280470277474,-0.004861148320864916,-0.002172368306571364,0.00026627346927130327,-0.00045915756767588196,0.0007944416339390036
2023-06-13,-0.0022417635208654314,-0.004496783415647701,-0.0018955528047203069,0.0011193210912359176,0.00011066624774245734,0.00010383173773554754
2023-06-14,-0.00207755878987732,-0.0050394113474194445,-0.0018746388153156471,0.0034858933247697496,0.0016594603264443722,0.0014186562980172774
2023-06-15,-0.002778688333310568,-0.006233203185040591,-0.0025881063046275235,-0.002399205346408948,-0.0018164162438986447,-0.002279124722226072
2023-06-16,-0.001757982349072755,-0.005283029133121782,-0.001578045348060145,-0.002157096384995817,-0.0006900376140866423,-0.00131334129481369
2023-06-20,-0.0005965493682343129,-0.007199578255418237,-0.000671998031461736,-0.003447726584119286,-0.0019608381951199644,-0.0024443223035268136
2023-06-21,0.00016985514090164452,-0.009658287689084976,7.22419107722621e-05,-0.004079393553045329,-0.0022670766974643205,-0.0032499429996624297
2023-06-22,0.0007105493990577881,-0.008140698790239235,0.0004383593785587392,-0.0018947229892845308,-6.590621393519347e-05,-0.002219850868543537
2023-06-23,0.0006605973356463152,-0.00845954650348331,0.0005066920460149935,-0.004553288995817084,-0.000957307752837365,-0.0030793464917885623
2023-06-28,0.00016848102101633608,-0.006378647576141004,1.9796715212412608e-05,-0.0034942847782907967,0.0012525209096694778,-0.00048788103691455465
2023-06-30,0.0008015123760315157,-0.0033033828848661306,0.0004300602410700783,-0.0011222188467035314,0.0015779998437738213,0.0016169500714383845
2023-07-03,0.0010850807187703163,-0.0033414413303172173,0.0006200809055407507,-0.00039406977856791883,0.0004314809223989309,0.000894064246754013
2023-07-05,-0.0004561510508285446,-0.002645674101167754,-0.00039779753959511737,0.0018069298886560121,0.0005846852686429312,0.0005240824977416209
2023-07-06,-0.000929263702631692,-0.003951871795382389,-0.000815570072376811,0.0006025383722051865,0.0010784914828130573,0.00024341106476591119
2023-07-07,-0.0013391572076611978,-0.0036583215252202626,-0.0010707346870500773,0.002059245955828806,-0.0007268037803255332,-0.00029231264436059383
2023-07-10,-0.0008781263590313844,-0.003386115796146476,-0.000734807201368069,0.0016291093485404883,0.0002047991749902483,0.0005477122784977098
2023-07-11,0.0002748258851933798,-0.0022437943795688906,8.168555177715019e-05,0.00335751225025966,0.001939538851919165,0.0021582527113751197
2023-07-12,-0.0004588416802014765,-0.0036335759985439255,-0.00041608748973527435,0.0016428754005539462,-7.580309163332912e-05,-0.00021044526158090285
2023-07-13,0.00035875345800771494,-0.0048671918298732655,0.00019991409041673555,-0.003035567491128443,-0.0010534626013285332,-0.0022573857360450636
2023-07-14,1.2673296922692534e-06,-0.00391018502092313,-6.796995985459877e-05,-0.0004731944819306548,0.00034457013920599633,-0.0007441435276618032
2023-07-17,-0.0005527129909326974,-0.004813317347144732,-0.0005862794984088935,-0.0020405433071940503,-0.0011310541594543424,-0.0023073968061977737
2023-07-18,-0.0003613107126538839,-0.0044248002131432,-0.00037128039798946504,-0.0019597311149982116,-0.0007455942422404445,-0.001757652006073182
2023-07-19,-3.094631132172579e-05,-0.004659792899655316,-0.00010014309261777588,-0.0004959502479229549,-0.00026719809894944777,-0.0011633406668187705
2023-07-20,0.0004703235573882518,-0.004370697677950631,0.00040141974447582916,-0.0007858485620087473,2.049769659302498e-05,-0.0011150495252457574
2023-07-21,-7.343406438055367e-05,-0.0039893352564518226,-0.00013206797162920465,-0.0019612234248838813,-0.0012652975039000685,-0.0018764537175002703
2023-07-26,0.0003293473031843394,-0.004066078541502873,0.00018104231977157399,-0.001707665026027207,0.00030156242619985016,-0.0005299376017309371
2023-07-27,-0.000367655190455788,-0.004140252429722597,-0.0003702005207121325,-0.00240311216040808,-0.0011713321179030998,-0.0016309484833423706
2023-07-28,0.0007670088405944721,-0.004738979594862553,0.0006863645041368192,-0.0011919063407062717,-9.174526602579087e-05,-0.0009017232612448245
2023-08-01,-0.0007906179081935295,-0.003847063142853582,-0.0007064443265530091,-0.00023234220318586046,-0.0016542720459867457,-0.0010409154227980864
2023-08-02,-0.0004846991666317482,-0.004867694674917277,-0.0004189731663473044,-0.00038711564157353946,-0.0002695121185901498,-0.0011098277756734143
2023-08-03,-0.0009606191329125258,-0.004558780631107526,-0.0008470508957511011,-0.0005607529339072288,-0.0012862328566202708,-0.0010986481901440288
2023-08-04,-0.0004200495913083309,-0.0040060478787784905,-0.00040741898901279234,-0.0006264027352590514,-0.00034228631776498774,-0.0005958001081346372
2023-08-08,-0.0004233329978258933,-0.00616906781658276,-0.0003949309065868715,-0.0009682823446870402,-0.00027075600406012423,-0.001247549567263112
2023-08-09,-0.00027514301766645363,-0.0050692767357383255,-0.00035114784457398324,0.0006181160406275761,0.0010000940612964835,0.0009239280201350213
2023-08-10,-0.0002883194093978754,-0.004130212642700941,-0.0003914954350851341,-0.0003958723183071552,-0.00013890156406501332,-0.0008411040688051799
2023-08-11,-0.00021911879735406724,-0.0024146895852556203,-0.00037698614407542753,0.00046626007800579586,0.0005730876815434624,0.00043200647522360913
2023-08-14,-0.00022658588528272176,-0.0030199794897646515,-0.0005197085695053632,-3.359367907334286e-05,2.9269122738736445e-05,-0.00018156164223353047
2023-08-15,-0.0001624278468172393,-0.003628460306785031,-0.0003702220227980576,-7.195050025851808e-05,0.0003960601303442425,-0.00016511095393219842
2023-08-16,-0.0007020205289992067,-0.004113978397776228,-0.0008853764452073209,-0.0008533205595415809,0.00020458159039157733,-0.0002945649260519276
2023-08-17,-0.0009441007185921127,-0.004268442798598103,-0.0010716037868677255,0.004024072225044868,0.0018014289296716954,-6.88960374362604e-05
2023-08-18,-0.0015567046880318527,-0.006662131155090404,-0.0013691946654457955,-0.0031866626619054157,-0.0010469404495723252,-0.0016989963541459152
2023-08-21,-0.0006782028274684646,-0.007723289108663702,-0.0004534269637768498,-0.001826946936245917,0.00047672179110261944,-0.001165308292580409
2023-08-25,-0.0002890150185985256,-0.0014788471656772917,-0.0002336397639143928,0.003214051202688306,0.001305580329060354,0.0026651010101933882
2023-08-28,-0.0008574682050533217,-0.0019224352723835477,-0.0006590060430324873,0.0019892076054590455,0.0010029519268770068,0.0018826191995014062
2023-08-30,0.00027526815282700665,-0.005046382771542108,0.00021241620663104994,-0.0010408803666036373,0.0006429550548506346,-0.0002364704237424577
2023-08-31,-0.0007657762256607029,-0.0019483344073285686,-0.0005812051684002751,0.0027427718766302907,0.0020235821257267935,0.002508841481585429
