dep_var,regressor,coef,t_stat,p_value,stars,uncond_wedge_same_sample,n_days,nw_lags,r_squared
dPi_2,const (alpha),0.0035383433558723873,7.378866031741877,1.596433657124918e-13,***,0.003538343355872385,621,27,0.07296630520150582
dPi_2,async_move,-0.05451679623987323,-1.9346120565107423,0.053037919412802864,*,0.003538343355872385,621,27,0.07296630520150582
dPi_2,intraday_rv,1.3199543409097998,1.6867321258790906,0.09165487181275107,*,0.003538343355872385,621,27,0.07296630520150582
dPi_3,const (alpha),0.001909975139764622,3.711948888962712,0.00020566952443714913,***,0.001909975139764622,621,27,0.06626868326792423
dPi_3,async_move,-0.04600725968189955,-1.1452824205410042,0.2520921857146383,,0.001909975139764622,621,27,0.06626868326792423
dPi_3,intraday_rv,1.7900393256232898,1.2908895418150728,0.1967419823623504,,0.001909975139764622,621,27,0.06626868326792423
dPi_4,const (alpha),0.0031766370845718395,3.3812279328836174,0.0007216265559079734,***,0.0031766370845718395,621,27,0.060624854957267105
dPi_4,async_move,-0.09052105274885927,-1.1547299692421034,0.248201022912669,,0.0031766370845718395,621,27,0.060624854957267105
dPi_4,intraday_rv,3.1070143600148503,1.2285066592111842,0.21925683111536942,,0.0031766370845718395,621,27,0.060624854957267105
